time,obs_zz,obs_xx
0.3100000000000001,0.9999999999999998,0.9999999999999998
0.3200000000000001,0.9999999999999998,0.9999999999999998
0.6300000000000003,0.9999999999999998,0.9999999999999998
0.6400000000000003,0.9999999999999998,0.9999999999999998
0.9500000000000006,0.9999999999999998,0.9999999999999998
0.9600000000000006,0.9999999999999998,0.9999999999999998
1.270000000000001,0.9999999999999998,0.9999999999999998
1.280000000000001,0.9999999999999998,0.9999999999999998
1.5900000000000012,0.9999999999999998,0.9999999999999998
1.6000000000000012,0.9999999999999998,0.9999999999999998
1.9100000000000015,0.9999999999999998,0.9999999999999998
1.9200000000000015,0.9999999999999998,0.9999999999999998
2.239999999999996,0.9999999999999998,0.9999999999999998
2.249999999999996,0.9999999999999998,0.9999999999999998
2.5599999999999894,0.9999999999999998,0.9999999999999998
2.569999999999989,0.9999999999999998,0.9999999999999998
2.8799999999999826,0.9999999999999998,0.9999999999999998
2.8899999999999824,0.9999999999999998,0.9999999999999998
3.1999999999999758,0.9999999999999998,0.9999999999999998
3.2099999999999755,0.9999999999999998,0.9999999999999998
3.519999999999969,0.9999999999999998,0.9999999999999998
3.5299999999999687,0.9999999999999998,0.9999999999999998
3.839999999999962,0.9999999999999998,0.9999999999999998
3.849999999999962,0.9999999999999998,0.9999999999999998
4.159999999999956,0.9999999999999998,0.9999999999999998
4.1699999999999555,0.9999999999999998,0.9999999999999998
4.479999999999949,0.9999999999999998,0.9999999999999998
4.489999999999949,0.9999999999999998,0.9999999999999998
4.799999999999942,0.9999999999999998,0.9999999999999998
4.809999999999942,0.9999999999999998,0.9999999999999998
5.119999999999935,0.9999999999999998,0.9999999999999998
5.129999999999935,0.9999999999999998,0.9999999999999998
5.4399999999999284,0.9999999999999998,0.9999999999999998
5.449999999999928,0.9999999999999998,0.9999999999999998
5.759999999999922,0.9999999999999998,0.9999999999999998
5.769999999999921,0.9999999999999998,0.9999999999999998
6.079999999999915,0.9999999999999998,0.9999999999999998
6.089999999999915,0.9999999999999998,0.9999999999999998
6.399999999999908,0.9999999999999998,0.9999999999999998
6.409999999999908,0.9999999999999998,0.9999999999999998
6.719999999999901,0.9999999999999998,0.9999999999999998
6.729999999999901,0.9999999999999998,0.9999999999999998
7.039999999999894,0.9999999999999998,0.9999999999999998
7.049999999999894,0.9999999999999998,0.9999999999999998
7.3599999999998875,0.9999999999999998,0.9999999999999998
7.369999999999887,0.9999999999999998,0.9999999999999998
7.679999999999881,0.9999999999999998,0.9999999999999998
7.6899999999998805,0.9999999999999998,0.9999999999999998
7.999999999999874,0.9999999999999998,0.9999999999999998
8.009999999999874,0.9999999999999998,0.9999999999999998
8.319999999999867,0.9999999999999998,0.9999999999999998
8.329999999999867,0.9999999999999998,0.9999999999999998
8.63999999999986,0.9999999999999998,0.9999999999999998
8.64999999999986,0.9999999999999998,0.9999999999999998
8.959999999999853,0.9999999999999998,0.9999999999999998
8.969999999999853,0.9999999999999998,0.9999999999999998
9.279999999999847,0.9999999999999998,0.9999999999999998
9.289999999999846,0.9999999999999998,0.9999999999999998
9.59999999999984,0.9999999999999998,0.9999999999999998
9.60999999999984,0.9999999999999998,0.9999999999999998
9.919999999999833,0.9999999999999998,0.9999999999999998
9.929999999999833,0.9999999999999998,0.9999999999999998
10.239999999999826,0.9999999999999998,0.9999999999999998
10.249999999999826,0.9999999999999998,0.9999999999999998
10.55999999999982,0.9999999999999998,0.9999999999999998
10.569999999999819,0.9999999999999998,0.9999999999999998
10.879999999999812,0.9999999999999998,0.9999999999999998
10.889999999999812,0.9999999999999998,0.9999999999999998
11.199999999999806,0.9999999999999998,0.9999999999999998
11.209999999999805,0.9999999999999998,0.9999999999999998
11.519999999999799,0.9999999999999998,0.9999999999999998
11.529999999999799,0.9999999999999998,0.9999999999999998
11.839999999999792,0.9999999999999998,0.9999999999999998
11.849999999999792,0.9999999999999998,0.9999999999999998
12.159999999999785,0.9999999999999998,0.9999999999999998
12.169999999999785,0.9999999999999998,0.9999999999999998
12.479999999999778,0.9999999999999998,0.9999999999999998
12.489999999999778,0.9999999999999998,0.9999999999999998
12.799999999999772,0.9999999999999998,0.9999999999999998
12.809999999999771,0.9999999999999998,0.9999999999999998
13.119999999999765,0.9999999999999998,0.9999999999999998
13.129999999999765,0.9999999999999998,0.9999999999999998
13.439999999999758,0.9999999999999998,0.9999999999999998
13.449999999999758,0.9999999999999998,0.9999999999999998
13.759999999999751,0.9999999999999998,0.9999999999999998
13.76999999999975,0.9999999999999998,0.9999999999999998
14.079999999999744,0.9999999999999998,0.9999999999999998
14.089999999999744,0.9999999999999998,0.9999999999999998
14.399999999999737,0.9999999999999998,0.9999999999999998
14.409999999999737,0.9999999999999998,0.9999999999999998
14.71999999999973,0.9999999999999998,0.9999999999999998
14.72999999999973,0.9999999999999998,0.9999999999999998
15.039999999999724,0.9999999999999998,0.9999999999999998
15.049999999999724,0.9999999999999998,0.9999999999999998
15.359999999999717,0.9999999999999998,0.9999999999999998
15.369999999999717,0.9999999999999998,0.9999999999999998
15.67999999999971,0.9999999999999998,0.9999999999999998
15.68999999999971,0.9999999999999998,0.9999999999999998
15.999999999999703,0.9999999999999998,0.9999999999999998
16.009999999999703,0.9999999999999998,0.9999999999999998
16.31999999999975,0.9999999999999998,0.9999999999999998
16.329999999999753,0.9999999999999998,0.9999999999999998
16.6399999999998,0.9999999999999998,0.9999999999999998
16.649999999999803,0.9999999999999998,0.9999999999999998
16.95999999999985,0.9999999999999998,0.9999999999999998
16.969999999999853,0.9999999999999998,0.9999999999999998
17.2799999999999,0.9999999999999998,0.9999999999999998
17.289999999999903,0.9999999999999998,0.9999999999999998
17.59999999999995,0.9999999999999998,0.9999999999999998
17.609999999999953,0.9999999999999998,0.9999999999999998
17.92,0.9999999999999998,0.9999999999999998
17.930000000000003,0.9999999999999998,0.9999999999999998
18.23000000000005,0.9999999999999998,0.9999999999999998
18.24000000000005,0.9999999999999998,0.9999999999999998
18.5500000000001,0.9999999999999998,0.9999999999999998
18.5600000000001,0.9999999999999998,0.9999999999999998
18.87000000000015,0.9999999999999998,0.9999999999999998
18.88000000000015,0.9999999999999998,0.9999999999999998
19.1900000000002,0.9999999999999998,0.9999999999999998
19.200000000000202,0.9999999999999998,0.9999999999999998
19.51000000000025,0.9999999999999998,0.9999999999999998
19.520000000000252,0.9999999999999998,0.9999999999999998
19.8300000000003,0.9999999999999998,0.9999999999999998
19.840000000000302,0.9999999999999998,0.9999999999999998
20.15000000000035,0.9999999999999998,0.9999999999999998
20.160000000000352,0.9999999999999998,0.9999999999999998
20.4700000000004,0.9999999999999998,0.9999999999999998
20.480000000000402,0.9999999999999998,0.9999999999999998
20.79000000000045,0.9999999999999998,0.9999999999999998
20.800000000000452,0.9999999999999998,0.9999999999999998
21.1100000000005,0.9999999999999998,0.9999999999999998
21.120000000000502,0.9999999999999998,0.9999999999999998
21.43000000000055,0.9999999999999998,0.9999999999999998
21.440000000000552,0.9999999999999998,0.9999999999999998
21.7500000000006,0.9999999999999998,0.9999999999999998
22.040000000000646,0.9999999999999998,0.9999999999999998
22.07000000000065,0.9999999999999998,0.9999999999999998
22.360000000000696,0.9999999999999998,0.9999999999999998
22.65000000000074,0.9999999999999998,0.9999999999999998
22.680000000000746,0.9999999999999998,0.9999999999999998
22.980000000000793,0.9999999999999998,0.9999999999999998
23.000000000000796,0.9999999999999998,0.9999999999999998
23.300000000000843,0.9999999999999998,0.9999999999999998
23.320000000000846,0.9999999999999998,0.9999999999999998
23.620000000000893,0.9999999999999998,0.9999999999999998
23.640000000000896,0.9999999999999998,0.9999999999999998
23.940000000000943,0.9999999999999998,0.9999999999999998
23.960000000000946,0.9999999999999998,0.9999999999999998
24.260000000000993,0.9999999999999998,0.9999999999999998
24.280000000000996,0.9999999999999998,0.9999999999999998
24.580000000001043,0.9999999999999998,0.9999999999999998
24.600000000001046,0.9999999999999998,0.9999999999999998
24.900000000001093,0.9999999999999998,0.9999999999999998
24.920000000001096,0.9999999999999998,0.9999999999999998
25.220000000001143,0.9999999999999998,0.9999999999999998
25.240000000001146,0.9999999999999998,0.9999999999999998
25.540000000001193,0.9999999999999998,0.9999999999999998
25.560000000001196,0.9999999999999998,0.9999999999999998
25.860000000001243,0.9999999999999998,0.9999999999999998
25.880000000001246,0.9999999999999998,0.9999999999999998
26.180000000001293,0.9999999999999998,0.9999999999999998
26.200000000001296,0.9999999999999998,0.9999999999999998
26.500000000001343,0.9999999999999998,0.9999999999999998
26.520000000001346,0.9999999999999998,0.9999999999999998
26.820000000001393,0.9999999999999998,0.9999999999999998
26.840000000001396,0.9999999999999998,0.9999999999999998
27.140000000001443,0.9999999999999998,0.9999999999999998
27.160000000001446,0.9999999999999998,0.9999999999999998
27.460000000001493,0.9999999999999998,0.9999999999999998
27.480000000001496,0.9999999999999998,0.9999999999999998
27.780000000001543,0.9999999999999998,0.9999999999999998
27.800000000001546,0.9999999999999998,0.9999999999999998
28.100000000001593,0.9999999999999998,0.9999999999999998
28.120000000001596,0.9999999999999998,0.9999999999999998
28.420000000001643,0.9999999999999998,0.9999999999999998
28.440000000001646,0.9999999999999998,0.9999999999999998
28.740000000001693,0.9999999999999998,0.9999999999999998
28.760000000001696,0.9999999999999998,0.9999999999999998
29.060000000001743,0.9999999999999998,0.9999999999999998
29.080000000001746,0.9999999999999998,0.9999999999999998
29.380000000001793,0.9999999999999998,0.9999999999999998
29.400000000001796,0.9999999999999998,0.9999999999999998
29.700000000001843,0.9999999999999998,0.9999999999999998
29.720000000001846,0.9999999999999998,0.9999999999999998
30.020000000001893,0.9999999999999998,0.9999999999999998
30.040000000001896,0.9999999999999998,0.9999999999999998
30.340000000001943,0.9999999999999998,0.9999999999999998
30.65000000000199,0.9999999999999998,0.9999999999999998
30.660000000001993,0.9999999999999998,0.9999999999999998
30.97000000000204,0.9999999999999998,0.9999999999999998
30.980000000002043,0.9999999999999998,0.9999999999999998
31.29000000000209,0.9999999999999998,0.9999999999999998
31.300000000002093,0.9999999999999998,0.9999999999999998
31.61000000000214,0.9999999999999998,0.9999999999999998
31.620000000002143,0.9999999999999998,0.9999999999999998
31.93000000000219,0.9999999999999998,0.9999999999999998
31.940000000002193,0.9999999999999998,0.9999999999999998
32.25000000000215,0.9999999999999998,0.9999999999999998
32.26000000000215,0.9999999999999998,0.9999999999999998
32.57000000000209,0.9999999999999998,0.9999999999999998
32.58000000000209,0.9999999999999998,0.9999999999999998
32.890000000002026,0.9999999999999998,0.9999999999999998
32.900000000002024,0.9999999999999998,0.9999999999999998
33.21000000000196,0.9999999999999998,0.9999999999999998
33.22000000000196,0.9999999999999998,0.9999999999999998
33.5300000000019,0.9999999999999998,0.9999999999999998
33.540000000001896,0.9999999999999998,0.9999999999999998
33.850000000001835,0.9999999999999998,0.9999999999999998
33.86000000000183,0.9999999999999998,0.9999999999999998
34.17000000000177,0.9999999999999998,0.9999999999999998
34.18000000000177,0.9999999999999998,0.9999999999999998
34.49000000000171,0.9999999999999998,0.9999999999999998
34.500000000001705,0.9999999999999998,0.9999999999999998
34.810000000001644,0.9999999999999998,0.9999999999999998
34.82000000000164,0.9999999999999998,0.9999999999999998
35.13000000000158,0.9999999999999998,0.9999999999999998
35.14000000000158,0.9999999999999998,0.9999999999999998
35.450000000001516,0.9999999999999998,0.9999999999999998
35.460000000001514,0.9999999999999998,0.9999999999999998
35.77000000000145,0.9999999999999998,0.9999999999999998
35.78000000000145,0.9999999999999998,0.9999999999999998
36.09000000000139,0.9999999999999998,0.9999999999999998
36.10000000000139,0.9999999999999998,0.9999999999999998
36.410000000001325,0.9999999999999998,0.9999999999999998
36.42000000000132,0.9999999999999998,0.9999999999999998
36.73000000000126,0.9999999999999998,0.9999999999999998
36.74000000000126,0.9999999999999998,0.9999999999999998
37.0500000000012,0.9999999999999998,0.9999999999999998
37.060000000001196,0.9999999999999998,0.9999999999999998
37.370000000001134,0.9999999999999998,0.9999999999999998
37.38000000000113,0.9999999999999998,0.9999999999999998
37.69000000000107,0.9999999999999998,0.9999999999999998
37.70000000000107,0.9999999999999998,0.9999999999999998
38.01000000000101,0.9999999999999998,0.9999999999999998
38.020000000001005,0.9999999999999998,0.9999999999999998
38.33000000000094,0.9999999999999998,0.9999999999999998
38.34000000000094,0.9999999999999998,0.9999999999999998
38.65000000000088,0.9999999999999998,0.9999999999999998
38.66000000000088,0.9999999999999998,0.9999999999999998
38.970000000000816,0.9999999999999998,0.9999999999999998
38.980000000000814,0.9999999999999998,0.9999999999999998
39.29000000000075,0.9999999999999998,0.9999999999999998
39.30000000000075,0.9999999999999998,0.9999999999999998
39.61000000000069,0.9999999999999998,0.9999999999999998
39.62000000000069,0.9999999999999998,0.9999999999999998
39.930000000000625,0.9999999999999998,0.9999999999999998
40.22000000000057,0.9999999999999998,0.9999999999999998
40.25000000000056,0.9999999999999998,0.9999999999999998
40.540000000000504,0.9999999999999998,0.9999999999999998
40.5700000000005,0.9999999999999998,0.9999999999999998
40.86000000000044,0.9999999999999998,0.9999999999999998
40.890000000000434,0.9999999999999998,0.9999999999999998
41.180000000000376,0.9999999999999998,0.9999999999999998
41.21000000000037,0.9999999999999998,0.9999999999999998
41.50000000000031,0.9999999999999998,0.9999999999999998
41.53000000000031,0.9999999999999998,0.9999999999999998
41.82000000000025,0.9999999999999998,0.9999999999999998
41.85000000000024,0.9999999999999998,0.9999999999999998
42.140000000000185,0.9999999999999998,0.9999999999999998
42.17000000000018,0.9999999999999998,0.9999999999999998
42.46000000000012,0.9999999999999998,0.9999999999999998
42.490000000000116,0.9999999999999998,0.9999999999999998
42.78000000000006,0.9999999999999998,0.9999999999999998
42.81000000000005,0.9999999999999998,0.9999999999999998
43.099999999999994,0.9999999999999998,0.9999999999999998
43.139999999999986,0.9999999999999998,0.9999999999999998
43.42999999999993,0.9999999999999998,0.9999999999999998
43.45999999999992,0.9999999999999998,0.9999999999999998
43.749999999999865,0.9999999999999998,0.9999999999999998
43.77999999999986,0.9999999999999998,0.9999999999999998
44.0699999999998,0.9999999999999998,0.9999999999999998
44.099999999999795,0.9999999999999998,0.9999999999999998
44.38999999999974,0.9999999999999998,0.9999999999999998
44.41999999999973,0.9999999999999998,0.9999999999999998
44.709999999999674,0.9999999999999998,0.9999999999999998
44.73999999999967,0.9999999999999998,0.9999999999999998
45.02999999999961,0.9999999999999998,0.9999999999999998
45.059999999999604,0.9999999999999998,0.9999999999999998
45.34999999999955,0.9999999999999998,0.9999999999999998
45.37999999999954,0.9999999999999998,0.9999999999999998
45.66999999999948,0.9999999999999998,0.9999999999999998
45.69999999999948,0.9999999999999998,0.9999999999999998
45.98999999999942,0.9999999999999998,0.9999999999999998
46.01999999999941,0.9999999999999998,0.9999999999999998
46.309999999999356,0.9999999999999998,0.9999999999999998
46.33999999999935,0.9999999999999998,0.9999999999999998
46.62999999999929,0.9999999999999998,0.9999999999999998
46.659999999999286,0.9999999999999998,0.9999999999999998
46.94999999999923,0.9999999999999998,0.9999999999999998
46.97999999999922,0.9999999999999998,0.9999999999999998
47.269999999999165,0.9999999999999998,0.9999999999999998
47.29999999999916,0.9999999999999998,0.9999999999999998
47.5899999999991,0.9999999999999998,0.9999999999999998
47.619999999999095,0.9999999999999998,0.9999999999999998
47.90999999999904,0.9999999999999998,0.9999999999999998
47.93999999999903,0.9999999999999998,0.9999999999999998
48.229999999998974,0.9999999999999998,0.9999999999999998
48.25999999999897,0.9999999999999998,0.9999999999999998
48.54999999999891,0.9999999999999998,0.9999999999999998
48.579999999998904,0.9999999999999998,0.9999999999999998
48.869999999998846,0.9999999999999998,0.9999999999999998
48.89999999999884,0.9999999999999998,0.9999999999999998
49.18999999999878,0.9999999999999998,0.9999999999999998
49.21999999999878,0.9999999999999998,0.9999999999999998
49.50999999999872,0.9999999999999998,0.9999999999999998
49.53999999999871,0.9999999999999998,0.9999999999999998
49.829999999998655,0.9999999999999998,0.9999999999999998
49.85999999999865,0.9999999999999998,0.9999999999999998
50.14999999999859,0.9999999999999998,0.9999999999999998
50.179999999998586,0.9999999999999998,0.9999999999999998
50.46999999999853,0.9999999999999998,0.9999999999999998
50.49999999999852,0.9999999999999998,0.9999999999999998
50.789999999998464,0.9999999999999998,0.9999999999999998
50.81999999999846,0.9999999999999998,0.9999999999999998
51.1099999999984,0.9999999999999998,0.9999999999999998
51.139999999998395,0.9999999999999998,0.9999999999999998
51.42999999999834,0.9999999999999998,0.9999999999999998
51.45999999999833,0.9999999999999998,0.9999999999999998
51.74999999999827,0.9999999999999998,0.9999999999999998
51.77999999999827,0.9999999999999998,0.9999999999999998
52.06999999999821,0.9999999999999998,0.9999999999999998
52.099999999998204,0.9999999999999998,0.9999999999999998
52.389999999998146,0.9999999999999998,0.9999999999999998
52.41999999999814,0.9999999999999998,0.9999999999999998
52.70999999999808,0.9999999999999998,0.9999999999999998
52.739999999998076,0.9999999999999998,0.9999999999999998
53.02999999999802,0.9999999999999998,0.9999999999999998
53.05999999999801,0.9999999999999998,0.9999999999999998
53.349999999997955,0.9999999999999998,0.9999999999999998
53.37999999999795,0.9999999999999998,0.9999999999999998
53.66999999999789,0.9999999999999998,0.9999999999999998
53.699999999997885,0.9999999999999998,0.9999999999999998
53.98999999999783,0.9999999999999998,0.9999999999999998
54.01999999999782,0.9999999999999998,0.9999999999999998
54.309999999997764,0.9999999999999998,0.9999999999999998
54.33999999999776,0.9999999999999998,0.9999999999999998
54.6299999999977,0.9999999999999998,0.9999999999999998
54.659999999997694,0.9999999999999998,0.9999999999999998
54.94999999999764,0.9999999999999998,0.9999999999999998
54.97999999999763,0.9999999999999998,0.9999999999999998
55.26999999999757,0.9999999999999998,0.9999999999999998
55.29999999999757,0.9999999999999998,0.9999999999999998
55.58999999999751,0.9999999999999998,0.9999999999999998
55.6199999999975,0.9999999999999998,0.9999999999999998
55.909999999997446,0.9999999999999998,0.9999999999999998
55.93999999999744,0.9999999999999998,0.9999999999999998
56.22999999999738,0.9999999999999998,0.9999999999999998
56.259999999997376,0.9999999999999998,0.9999999999999998
56.54999999999732,0.9999999999999998,0.9999999999999998
56.57999999999731,0.9999999999999998,0.9999999999999998
56.869999999997255,0.9999999999999998,0.9999999999999998
56.89999999999725,0.9999999999999998,0.9999999999999998
57.18999999999719,0.9999999999999998,0.9999999999999998
57.219999999997185,0.9999999999999998,0.9999999999999998
57.50999999999713,0.9999999999999998,0.9999999999999998
57.53999999999712,0.9999999999999998,0.9999999999999998
57.829999999997064,0.9999999999999998,0.9999999999999998
57.85999999999706,0.9999999999999998,0.9999999999999998
58.149999999997,0.9999999999999998,0.9999999999999998
58.179999999996994,0.9999999999999998,0.9999999999999998
58.469999999996936,0.9999999999999998,0.9999999999999998
58.49999999999693,0.9999999999999998,0.9999999999999998
58.78999999999687,0.9999999999999998,0.9999999999999998
58.81999999999687,0.9999999999999998,0.9999999999999998
59.10999999999681,0.9999999999999998,0.9999999999999998
59.1399999999968,0.9999999999999998,0.9999999999999998
59.429999999996745,0.9999999999999998,0.9999999999999998
59.45999999999674,0.9999999999999998,0.9999999999999998
59.74999999999668,0.9999999999999998,0.9999999999999998
59.779999999996676,0.9999999999999998,0.9999999999999998
60.06999999999662,0.9999999999999998,0.9999999999999998
60.09999999999661,0.9999999999999998,0.9999999999999998
60.389999999996554,0.9999999999999998,0.9999999999999998
60.41999999999655,0.9999999999999998,0.9999999999999998
60.70999999999649,0.9999999999999998,0.9999999999999998
60.739999999996485,0.9999999999999998,0.9999999999999998
61.02999999999643,0.9999999999999998,0.9999999999999998
61.05999999999642,0.9999999999999998,0.9999999999999998
61.34999999999636,0.9999999999999998,0.9999999999999998
61.37999999999636,0.9999999999999998,0.9999999999999998
61.6699999999963,0.9999999999999998,0.9999999999999998
61.699999999996294,0.9999999999999998,0.9999999999999998
61.989999999996236,0.9999999999999998,0.9999999999999998
62.01999999999623,0.9999999999999998,0.9999999999999998
62.30999999999617,0.9999999999999998,0.9999999999999998
62.33999999999617,0.9999999999999998,0.9999999999999998
62.62999999999611,0.9999999999999998,0.9999999999999998
62.6599999999961,0.9999999999999998,0.9999999999999998
62.949999999996045,0.9999999999999998,0.9999999999999998
62.97999999999604,0.9999999999999998,0.9999999999999998
63.26999999999598,0.9999999999999998,0.9999999999999998
63.299999999995975,0.9999999999999998,0.9999999999999998
63.58999999999592,0.9999999999999998,0.9999999999999998
63.61999999999591,0.9999999999999998,0.9999999999999998
63.909999999995854,0.9999999999999998,0.9999999999999998
63.93999999999585,0.9999999999999998,0.9999999999999998
64.22999999999595,0.9999999999999998,0.9999999999999998
64.25999999999597,0.9999999999999998,0.9999999999999998
64.54999999999612,0.9999999999999998,0.9999999999999998
64.57999999999613,0.9999999999999998,0.9999999999999998
64.86999999999628,0.9999999999999998,0.9999999999999998
64.8999999999963,0.9999999999999998,0.9999999999999998
65.18999999999645,0.9999999999999998,0.9999999999999998
65.21999999999646,0.9999999999999998,0.9999999999999998
65.50999999999661,0.9999999999999998,0.9999999999999998
65.53999999999662,0.9999999999999998,0.9999999999999998
65.82999999999677,0.9999999999999998,0.9999999999999998
65.85999999999679,0.9999999999999998,0.9999999999999998
66.14999999999694,0.9999999999999998,0.9999999999999998
66.17999999999695,0.9999999999999998,0.9999999999999998
66.4699999999971,0.9999999999999998,0.9999999999999998
66.49999999999712,0.9999999999999998,0.9999999999999998
66.78999999999726,0.9999999999999998,0.9999999999999998
66.81999999999728,0.9999999999999998,0.9999999999999998
67.10999999999743,0.9999999999999998,0.9999999999999998
67.13999999999744,0.9999999999999998,0.9999999999999998
67.42999999999759,0.9999999999999998,0.9999999999999998
67.4599999999976,0.9999999999999998,0.9999999999999998
67.74999999999775,0.9999999999999998,0.9999999999999998
67.77999999999777,0.9999999999999998,0.9999999999999998
68.06999999999792,0.9999999999999998,0.9999999999999998
68.09999999999793,0.9999999999999998,0.9999999999999998
68.38999999999808,0.9999999999999998,0.9999999999999998
68.4199999999981,0.9999999999999998,0.9999999999999998
68.70999999999825,0.9999999999999998,0.9999999999999998
68.73999999999826,0.9999999999999998,0.9999999999999998
69.02999999999841,0.9999999999999998,0.9999999999999998
69.05999999999842,0.9999999999999998,0.9999999999999998
69.34999999999857,0.9999999999999998,0.9999999999999998
69.37999999999859,0.9999999999999998,0.9999999999999998
69.66999999999874,0.9999999999999998,0.9999999999999998
69.69999999999875,0.9999999999999998,0.9999999999999998
69.9899999999989,0.9999999999999998,0.9999999999999998
70.01999999999892,0.9999999999999998,0.9999999999999998
70.30999999999906,0.9999999999999998,0.9999999999999998
70.59999999999921,0.9999999999999998,0.9999999999999998
70.62999999999923,0.9999999999999998,0.9999999999999998
70.91999999999938,0.9999999999999998,0.9999999999999998
70.94999999999939,0.9999999999999998,0.9999999999999998
71.23999999999954,0.9999999999999998,0.9999999999999998
71.26999999999956,0.9999999999999998,0.9999999999999998
71.5599999999997,0.9999999999999998,0.9999999999999998
71.57999999999971,0.9999999999999998,0.9999999999999998
71.87999999999987,0.9999999999999998,0.9999999999999998
71.89999999999988,0.9999999999999998,0.9999999999999998
72.19000000000003,0.9999999999999998,0.9999999999999998
72.22000000000004,0.9999999999999998,0.9999999999999998
72.51000000000019,0.9999999999999998,0.9999999999999998
72.5400000000002,0.9999999999999998,0.9999999999999998
72.83000000000035,0.9999999999999998,0.9999999999999998
72.86000000000037,0.9999999999999998,0.9999999999999998
73.15000000000052,0.9999999999999998,0.9999999999999998
73.18000000000053,0.9999999999999998,0.9999999999999998
73.47000000000068,0.9999999999999998,0.9999999999999998
73.5000000000007,0.9999999999999998,0.9999999999999998
73.79000000000084,0.9999999999999998,0.9999999999999998
73.82000000000086,0.9999999999999998,0.9999999999999998
74.11000000000101,0.9999999999999998,0.9999999999999998
74.14000000000102,0.9999999999999998,0.9999999999999998
74.43000000000117,0.9999999999999998,0.9999999999999998
74.46000000000119,0.9999999999999998,0.9999999999999998
74.75000000000134,0.9999999999999998,0.9999999999999998
74.78000000000135,0.9999999999999998,0.9999999999999998
75.0700000000015,0.9999999999999998,0.9999999999999998
75.10000000000151,0.9999999999999998,0.9999999999999998
75.39000000000166,0.9999999999999998,0.9999999999999998
75.42000000000168,0.9999999999999998,0.9999999999999998
75.71000000000183,0.9999999999999998,0.9999999999999998
75.74000000000184,0.9999999999999998,0.9999999999999998
76.03000000000199,0.9999999999999998,0.9999999999999998
76.060000000002,0.9999999999999998,0.9999999999999998
76.35000000000215,0.9999999999999998,0.9999999999999998
76.38000000000217,0.9999999999999998,0.9999999999999998
76.67000000000232,0.9999999999999998,0.9999999999999998
76.70000000000233,0.9999999999999998,0.9999999999999998
76.99000000000248,0.9999999999999998,0.9999999999999998
77.0200000000025,0.9999999999999998,0.9999999999999998
77.31000000000265,0.9999999999999998,0.9999999999999998
77.34000000000266,0.9999999999999998,0.9999999999999998
77.63000000000281,0.9999999999999998,0.9999999999999998
77.66000000000282,0.9999999999999998,0.9999999999999998
77.95000000000297,0.9999999999999998,0.9999999999999998
77.98000000000299,0.9999999999999998,0.9999999999999998
78.27000000000314,0.9999999999999998,0.9999999999999998
78.30000000000315,0.9999999999999998,0.9999999999999998
78.5900000000033,0.9999999999999998,0.9999999999999998
78.62000000000332,0.9999999999999998,0.9999999999999998
78.91000000000346,0.9999999999999998,0.9999999999999998
78.94000000000348,0.9999999999999998,0.9999999999999998
79.23000000000363,0.9999999999999998,0.9999999999999998
79.26000000000364,0.9999999999999998,0.9999999999999998
79.55000000000379,0.9999999999999998,0.9999999999999998
79.5800000000038,0.9999999999999998,0.9999999999999998
79.87000000000396,0.9999999999999998,0.9999999999999998
79.90000000000397,0.9999999999999998,0.9999999999999998
80.19000000000412,0.9999999999999998,0.9999999999999998
80.22000000000413,0.9999999999999998,0.9999999999999998
80.51000000000428,0.9999999999999998,0.9999999999999998
80.5400000000043,0.9999999999999998,0.9999999999999998
80.83000000000445,0.9999999999999998,0.9999999999999998
80.86000000000446,0.9999999999999998,0.9999999999999998
81.15000000000461,0.9999999999999998,0.9999999999999998
81.18000000000463,0.9999999999999998,0.9999999999999998
81.47000000000477,0.9999999999999998,0.9999999999999998
81.50000000000479,0.9999999999999998,0.9999999999999998
81.79000000000494,0.9999999999999998,0.9999999999999998
81.82000000000495,0.9999999999999998,0.9999999999999998
82.1100000000051,0.9999999999999998,0.9999999999999998
82.14000000000512,0.9999999999999998,0.9999999999999998
82.43000000000526,0.9999999999999998,0.9999999999999998
82.46000000000528,0.9999999999999998,0.9999999999999998
82.75000000000543,0.9999999999999998,0.9999999999999998
82.78000000000544,0.9999999999999998,0.9999999999999998
83.07000000000559,0.9999999999999998,0.9999999999999998
83.10000000000561,0.9999999999999998,0.9999999999999998
83.39000000000576,0.9999999999999998,0.9999999999999998
83.42000000000577,0.9999999999999998,0.9999999999999998
83.71000000000592,0.9999999999999998,0.9999999999999998
83.74000000000594,0.9999999999999998,0.9999999999999998
84.03000000000608,0.9999999999999998,0.9999999999999998
84.0600000000061,0.9999999999999998,0.9999999999999998
84.35000000000625,0.9999999999999998,0.9999999999999998
84.38000000000626,0.9999999999999998,0.9999999999999998
84.67000000000641,0.9999999999999998,0.9999999999999998
84.70000000000643,0.9999999999999998,0.9999999999999998
84.99000000000657,0.9999999999999998,0.9999999999999998
85.02000000000659,0.9999999999999998,0.9999999999999998
85.31000000000674,0.9999999999999998,0.9999999999999998
85.34000000000675,0.9999999999999998,0.9999999999999998
85.6300000000069,0.9999999999999998,0.9999999999999998
85.92000000000705,0.9999999999999998,0.9999999999999998
85.95000000000707,0.9999999999999998,0.9999999999999998
86.24000000000721,0.9999999999999998,0.9999999999999998
86.27000000000723,0.9999999999999998,0.9999999999999998
86.56000000000738,0.9999999999999998,0.9999999999999998
86.5900000000074,0.9999999999999998,0.9999999999999998
86.88000000000754,0.9999999999999998,0.9999999999999998
86.91000000000756,0.9999999999999998,0.9999999999999998
87.2000000000077,0.9999999999999998,0.9999999999999998
87.23000000000772,0.9999999999999998,0.9999999999999998
87.52000000000787,0.9999999999999998,0.9999999999999998
87.55000000000788,0.9999999999999998,0.9999999999999998
87.84000000000803,0.9999999999999998,0.9999999999999998
87.87000000000805,0.9999999999999998,0.9999999999999998
88.1600000000082,0.9999999999999998,0.9999999999999998
88.19000000000821,0.9999999999999998,0.9999999999999998
88.48000000000836,0.9999999999999998,0.9999999999999998
88.51000000000838,0.9999999999999998,0.9999999999999998
88.80000000000852,0.9999999999999998,0.9999999999999998
88.83000000000854,0.9999999999999998,0.9999999999999998
89.12000000000869,0.9999999999999998,0.9999999999999998
89.1500000000087,0.9999999999999998,0.9999999999999998
89.44000000000885,0.9999999999999998,0.9999999999999998
89.47000000000887,0.9999999999999998,0.9999999999999998
89.76000000000901,0.9999999999999998,0.9999999999999998
89.79000000000903,0.9999999999999998,0.9999999999999998
90.08000000000918,0.9999999999999998,0.9999999999999998
90.1100000000092,0.9999999999999998,0.9999999999999998
90.40000000000934,0.9999999999999998,0.9999999999999998
90.43000000000936,0.9999999999999998,0.9999999999999998
90.7200000000095,0.9999999999999998,0.9999999999999998
90.75000000000952,0.9999999999999998,0.9999999999999998
91.04000000000967,0.9999999999999998,0.9999999999999998
91.07000000000968,0.9999999999999998,0.9999999999999998
91.36000000000983,0.9999999999999998,0.9999999999999998
91.39000000000985,0.9999999999999998,0.9999999999999998
91.68000000001,0.9999999999999998,0.9999999999999998
91.71000000001001,0.9999999999999998,0.9999999999999998
92.00000000001016,0.9999999999999998,0.9999999999999998
92.03000000001018,0.9999999999999998,0.9999999999999998
92.32000000001032,0.9999999999999998,0.9999999999999998
92.35000000001034,0.9999999999999998,0.9999999999999998
92.64000000001049,0.9999999999999998,0.9999999999999998
92.93000000001064,0.9999999999999998,0.9999999999999998
92.96000000001065,0.9999999999999998,0.9999999999999998
93.2500000000108,0.9999999999999998,0.9999999999999998
93.28000000001082,0.9999999999999998,0.9999999999999998
93.57000000001096,0.9999999999999998,0.9999999999999998
93.60000000001098,0.9999999999999998,0.9999999999999998
93.89000000001113,0.9999999999999998,0.9999999999999998
94.20000000001129,0.9999999999999998,0.9999999999999998
94.21000000001129,0.9999999999999998,0.9999999999999998
94.52000000001145,0.9999999999999998,0.9999999999999998
94.53000000001146,0.9999999999999998,0.9999999999999998
94.84000000001161,0.9999999999999998,0.9999999999999998
94.85000000001162,0.9999999999999998,0.9999999999999998
95.16000000001178,0.9999999999999998,0.9999999999999998
95.17000000001178,0.9999999999999998,0.9999999999999998
95.48000000001194,0.9999999999999998,0.9999999999999998
95.49000000001195,0.9999999999999998,0.9999999999999998
95.8000000000121,0.9999999999999998,0.9999999999999998
95.81000000001211,0.9999999999999998,0.9999999999999998
96.12000000001227,0.9999999999999998,0.9999999999999998
96.13000000001227,0.9999999999999998,0.9999999999999998
96.44000000001243,0.9999999999999998,0.9999999999999998
96.45000000001244,0.9999999999999998,0.9999999999999998
96.7600000000126,0.9999999999999998,0.9999999999999998
96.7700000000126,0.9999999999999998,0.9999999999999998
97.08000000001276,0.9999999999999998,0.9999999999999998
97.09000000001276,0.9999999999999998,0.9999999999999998
97.40000000001292,0.9999999999999998,0.9999999999999998
97.41000000001293,0.9999999999999998,0.9999999999999998
97.72000000001309,0.9999999999999998,0.9999999999999998
97.73000000001309,0.9999999999999998,0.9999999999999998
98.04000000001325,0.9999999999999998,0.9999999999999998
98.05000000001326,0.9999999999999998,0.9999999999999998
98.36000000001341,0.9999999999999998,0.9999999999999998
98.37000000001342,0.9999999999999998,0.9999999999999998
98.68000000001358,0.9999999999999998,0.9999999999999998
98.69000000001358,0.9999999999999998,0.9999999999999998
99.00000000001374,0.9999999999999998,0.9999999999999998
99.01000000001375,0.9999999999999998,0.9999999999999998
99.3200000000139,0.9999999999999998,0.9999999999999998
99.33000000001391,0.9999999999999998,0.9999999999999998
99.64000000001407,0.9999999999999998,0.9999999999999998
99.65000000001407,0.9999999999999998,0.9999999999999998
99.96000000001423,0.9999999999999998,0.9999999999999998
99.97000000001424,0.9999999999999998,0.9999999999999998
100.2800000000144,0.9999999999999998,0.9999999999999998
100.2900000000144,0.9999999999999998,0.9999999999999998
100.60000000001456,0.9999999999999998,0.9999999999999998
100.61000000001457,0.9999999999999998,0.9999999999999998
100.92000000001472,0.9999999999999998,0.9999999999999998
100.93000000001473,0.9999999999999998,0.9999999999999998
101.24000000001489,0.9999999999999998,0.9999999999999998
101.2500000000149,0.9999999999999998,0.9999999999999998
101.56000000001505,0.9999999999999998,0.9999999999999998
101.57000000001506,0.9999999999999998,0.9999999999999998
101.88000000001522,0.9999999999999998,0.9999999999999998
101.89000000001522,0.9999999999999998,0.9999999999999998
102.20000000001538,0.9999999999999998,0.9999999999999998
102.21000000001538,0.9999999999999998,0.9999999999999998
102.52000000001554,0.9999999999999998,0.9999999999999998
102.53000000001555,0.9999999999999998,0.9999999999999998
102.8400000000157,0.9999999999999998,0.9999999999999998
102.85000000001571,0.9999999999999998,0.9999999999999998
103.16000000001587,0.9999999999999998,0.9999999999999998
103.17000000001588,0.9999999999999998,0.9999999999999998
103.48000000001603,0.9999999999999998,0.9999999999999998
103.49000000001604,0.9999999999999998,0.9999999999999998
103.8000000000162,0.9999999999999998,0.9999999999999998
103.8100000000162,0.9999999999999998,0.9999999999999998
104.12000000001636,0.9999999999999998,0.9999999999999998
104.13000000001637,0.9999999999999998,0.9999999999999998
104.44000000001652,0.9999999999999998,0.9999999999999998
104.45000000001653,0.9999999999999998,0.9999999999999998
104.76000000001669,0.9999999999999998,0.9999999999999998
104.7700000000167,0.9999999999999998,0.9999999999999998
105.08000000001685,0.9999999999999998,0.9999999999999998
105.09000000001686,0.9999999999999998,0.9999999999999998
105.40000000001702,0.9999999999999998,0.9999999999999998
105.41000000001702,0.9999999999999998,0.9999999999999998
105.72000000001718,0.9999999999999998,0.9999999999999998
105.73000000001718,0.9999999999999998,0.9999999999999998
106.04000000001734,0.9999999999999998,0.9999999999999998
106.05000000001735,0.9999999999999998,0.9999999999999998
106.36000000001751,0.9999999999999998,0.9999999999999998
106.37000000001751,0.9999999999999998,0.9999999999999998
106.68000000001767,0.9999999999999998,0.9999999999999998
106.69000000001768,0.9999999999999998,0.9999999999999998
107.00000000001783,0.9999999999999998,0.9999999999999998
107.01000000001784,0.9999999999999998,0.9999999999999998
107.320000000018,0.9999999999999998,0.9999999999999998
107.330000000018,0.9999999999999998,0.9999999999999998
107.64000000001816,0.9999999999999998,0.9999999999999998
107.65000000001817,0.9999999999999998,0.9999999999999998
107.96000000001833,0.9999999999999998,0.9999999999999998
107.97000000001833,0.9999999999999998,0.9999999999999998
108.28000000001849,0.9999999999999998,0.9999999999999998
108.2900000000185,0.9999999999999998,0.9999999999999998
108.60000000001865,0.9999999999999998,0.9999999999999998
108.61000000001866,0.9999999999999998,0.9999999999999998
108.92000000001882,0.9999999999999998,0.9999999999999998
108.93000000001882,0.9999999999999998,0.9999999999999998
109.24000000001898,0.9999999999999998,0.9999999999999998
109.25000000001899,0.9999999999999998,0.9999999999999998
109.56000000001914,0.9999999999999998,0.9999999999999998
109.57000000001915,0.9999999999999998,0.9999999999999998
109.88000000001931,0.9999999999999998,0.9999999999999998
109.89000000001931,0.9999999999999998,0.9999999999999998
110.20000000001947,0.9999999999999998,0.9999999999999998
110.21000000001948,0.9999999999999998,0.9999999999999998
110.52000000001964,0.9999999999999998,0.9999999999999998
110.53000000001964,0.9999999999999998,0.9999999999999998
110.8400000000198,0.9999999999999998,0.9999999999999998
110.8500000000198,0.9999999999999998,0.9999999999999998
111.16000000001996,0.9999999999999998,0.9999999999999998
111.17000000001997,0.9999999999999998,0.9999999999999998
111.48000000002013,0.9999999999999998,0.9999999999999998
111.49000000002013,0.9999999999999998,0.9999999999999998
111.80000000002029,0.9999999999999998,0.9999999999999998
111.8100000000203,0.9999999999999998,0.9999999999999998
112.12000000002045,0.9999999999999998,0.9999999999999998
112.13000000002046,0.9999999999999998,0.9999999999999998
112.44000000002062,0.9999999999999998,0.9999999999999998
112.45000000002062,0.9999999999999998,0.9999999999999998
112.76000000002078,0.9999999999999998,0.9999999999999998
112.77000000002079,0.9999999999999998,0.9999999999999998
113.08000000002095,0.9999999999999998,0.9999999999999998
113.09000000002095,0.9999999999999998,0.9999999999999998
113.40000000002111,0.9999999999999998,0.9999999999999998
113.41000000002111,0.9999999999999998,0.9999999999999998
113.72000000002127,0.9999999999999998,0.9999999999999998
113.73000000002128,0.9999999999999998,0.9999999999999998
114.04000000002144,0.9999999999999998,0.9999999999999998
114.05000000002144,0.9999999999999998,0.9999999999999998
114.3600000000216,0.9999999999999998,0.9999999999999998
114.3700000000216,0.9999999999999998,0.9999999999999998
114.68000000002176,0.9999999999999998,0.9999999999999998
114.69000000002177,0.9999999999999998,0.9999999999999998
115.00000000002193,0.9999999999999998,0.9999999999999998
115.01000000002193,0.9999999999999998,0.9999999999999998
115.32000000002209,0.9999999999999998,0.9999999999999998
115.3300000000221,0.9999999999999998,0.9999999999999998
115.64000000002225,0.9999999999999998,0.9999999999999998
115.65000000002226,0.9999999999999998,0.9999999999999998
115.96000000002242,0.9999999999999998,0.9999999999999998
115.97000000002242,0.9999999999999998,0.9999999999999998
116.28000000002258,0.9999999999999998,0.9999999999999998
116.29000000002259,0.9999999999999998,0.9999999999999998
116.60000000002275,0.9999999999999998,0.9999999999999998
116.61000000002275,0.9999999999999998,0.9999999999999998
116.92000000002291,0.9999999999999998,0.9999999999999998
116.93000000002291,0.9999999999999998,0.9999999999999998
117.24000000002307,0.9999999999999998,0.9999999999999998
117.25000000002308,0.9999999999999998,0.9999999999999998
117.56000000002324,0.9999999999999998,0.9999999999999998
117.57000000002324,0.9999999999999998,0.9999999999999998
117.8800000000234,0.9999999999999998,0.9999999999999998
117.8900000000234,0.9999999999999998,0.9999999999999998
118.20000000002356,0.9999999999999998,0.9999999999999998
118.21000000002357,0.9999999999999998,0.9999999999999998
118.52000000002373,0.9999999999999998,0.9999999999999998
118.53000000002373,0.9999999999999998,0.9999999999999998
118.84000000002389,0.9999999999999998,0.9999999999999998
118.8500000000239,0.9999999999999998,0.9999999999999998
119.16000000002406,0.9999999999999998,0.9999999999999998
119.17000000002406,0.9999999999999998,0.9999999999999998
119.48000000002422,0.9999999999999998,0.9999999999999998
119.49000000002422,0.9999999999999998,0.9999999999999998
119.80000000002438,0.9999999999999998,0.9999999999999998
119.81000000002439,0.9999999999999998,0.9999999999999998
120.12000000002455,0.9999999999999998,0.9999999999999998
120.13000000002455,0.9999999999999998,0.9999999999999998
120.44000000002471,0.9999999999999998,0.9999999999999998
120.45000000002472,0.9999999999999998,0.9999999999999998
120.76000000002487,0.9999999999999998,0.9999999999999998
120.77000000002488,0.9999999999999998,0.9999999999999998
121.08000000002504,0.9999999999999998,0.9999999999999998
121.09000000002504,0.9999999999999998,0.9999999999999998
121.4000000000252,0.9999999999999998,0.9999999999999998
121.4100000000252,0.9999999999999998,0.9999999999999998
121.72000000002537,0.9999999999999998,0.9999999999999998
121.73000000002537,0.9999999999999998,0.9999999999999998
122.04000000002553,0.9999999999999998,0.9999999999999998
122.05000000002553,0.9999999999999998,0.9999999999999998
122.36000000002569,0.9999999999999998,0.9999999999999998
122.3700000000257,0.9999999999999998,0.9999999999999998
122.68000000002586,0.9999999999999998,0.9999999999999998
122.69000000002586,0.9999999999999998,0.9999999999999998
123.00000000002602,0.9999999999999998,0.9999999999999998
123.29000000002617,0.9999999999999998,0.9999999999999998
123.32000000002618,0.9999999999999998,0.9999999999999998
123.61000000002633,0.9999999999999998,0.9999999999999998
123.64000000002635,0.9999999999999998,0.9999999999999998
123.9300000000265,0.9999999999999998,0.9999999999999998
123.96000000002651,0.9999999999999998,0.9999999999999998
124.25000000002666,0.9999999999999998,0.9999999999999998
124.28000000002667,0.9999999999999998,0.9999999999999998
124.57000000002682,0.9999999999999998,0.9999999999999998
124.60000000002684,0.9999999999999998,0.9999999999999998
124.89000000002699,0.9999999999999998,0.9999999999999998
124.920000000027,0.9999999999999998,0.9999999999999998
125.21000000002715,0.9999999999999998,0.9999999999999998
125.24000000002717,0.9999999999999998,0.9999999999999998
125.53000000002731,0.9999999999999998,0.9999999999999998
125.56000000002733,0.9999999999999998,0.9999999999999998
125.85000000002748,0.9999999999999998,0.9999999999999998
125.8800000000275,0.9999999999999998,0.9999999999999998
126.17000000002764,0.9999999999999998,0.9999999999999998
126.20000000002766,0.9999999999999998,0.9999999999999998
126.4900000000278,0.9999999999999998,0.9999999999999998
126.52000000002782,0.9999999999999998,0.9999999999999998
126.81000000002797,0.9999999999999998,0.9999999999999998
126.84000000002798,0.9999999999999998,0.9999999999999998
127.13000000002813,0.9999999999999998,0.9999999999999998
127.16000000002815,0.9999999999999998,0.9999999999999998
127.4500000000283,0.9999999999999998,0.9999999999999998
127.48000000002831,0.9999999999999998,0.9999999999999998
127.77000000002846,0.9999999999999998,0.9999999999999998
127.80000000002848,0.9999999999999998,0.9999999999999998
128.09000000002848,0.9999999999999998,0.9999999999999998
128.12000000002845,0.9999999999999998,0.9999999999999998
128.4100000000282,0.9999999999999998,0.9999999999999998
128.44000000002816,0.9999999999999998,0.9999999999999998
128.7300000000279,0.9999999999999998,0.9999999999999998
128.76000000002787,0.9999999999999998,0.9999999999999998
129.0500000000276,0.9999999999999998,0.9999999999999998
129.08000000002758,0.9999999999999998,0.9999999999999998
129.37000000002732,0.9999999999999998,0.9999999999999998
129.4000000000273,0.9999999999999998,0.9999999999999998
129.69000000002703,0.9999999999999998,0.9999999999999998
129.720000000027,0.9999999999999998,0.9999999999999998
130.01000000002674,0.9999999999999998,0.9999999999999998
130.0400000000267,0.9999999999999998,0.9999999999999998
130.33000000002644,0.9999999999999998,0.9999999999999998
130.36000000002642,0.9999999999999998,0.9999999999999998
130.65000000002615,0.9999999999999998,0.9999999999999998
130.68000000002613,0.9999999999999998,0.9999999999999998
130.97000000002586,0.9999999999999998,0.9999999999999998
131.00000000002584,0.9999999999999998,0.9999999999999998
131.29000000002557,0.9999999999999998,0.9999999999999998
131.32000000002554,0.9999999999999998,0.9999999999999998
131.61000000002528,0.9999999999999998,0.9999999999999998
131.64000000002525,0.9999999999999998,0.9999999999999998
131.930000000025,0.9999999999999998,0.9999999999999998
131.96000000002496,0.9999999999999998,0.9999999999999998
132.2500000000247,0.9999999999999998,0.9999999999999998
132.28000000002467,0.9999999999999998,0.9999999999999998
132.5700000000244,0.9999999999999998,0.9999999999999998
132.60000000002438,0.9999999999999998,0.9999999999999998
132.89000000002412,0.9999999999999998,0.9999999999999998
132.9200000000241,0.9999999999999998,0.9999999999999998
133.21000000002383,0.9999999999999998,0.9999999999999998
133.2400000000238,0.9999999999999998,0.9999999999999998
133.53000000002353,0.9999999999999998,0.9999999999999998
133.5600000000235,0.9999999999999998,0.9999999999999998
133.85000000002324,0.9999999999999998,0.9999999999999998
133.88000000002322,0.9999999999999998,0.9999999999999998
134.17000000002295,0.9999999999999998,0.9999999999999998
134.20000000002292,0.9999999999999998,0.9999999999999998
134.49000000002266,0.9999999999999998,0.9999999999999998
134.52000000002263,0.9999999999999998,0.9999999999999998
134.81000000002237,0.9999999999999998,0.9999999999999998
134.84000000002234,0.9999999999999998,0.9999999999999998
135.13000000002208,0.9999999999999998,0.9999999999999998
135.16000000002205,0.9999999999999998,0.9999999999999998
135.4500000000218,0.9999999999999998,0.9999999999999998
135.48000000002176,0.9999999999999998,0.9999999999999998
135.7700000000215,0.9999999999999998,0.9999999999999998
135.80000000002147,0.9999999999999998,0.9999999999999998
136.0900000000212,0.9999999999999998,0.9999999999999998
136.12000000002118,0.9999999999999998,0.9999999999999998
136.41000000002091,0.9999999999999998,0.9999999999999998
136.4400000000209,0.9999999999999998,0.9999999999999998
136.73000000002062,0.9999999999999998,0.9999999999999998
136.7600000000206,0.9999999999999998,0.9999999999999998
137.05000000002033,0.9999999999999998,0.9999999999999998
137.0800000000203,0.9999999999999998,0.9999999999999998
137.37000000002004,0.9999999999999998,0.9999999999999998
137.40000000002001,0.9999999999999998,0.9999999999999998
137.69000000001975,0.9999999999999998,0.9999999999999998
137.72000000001972,0.9999999999999998,0.9999999999999998
138.01000000001946,0.9999999999999998,0.9999999999999998
138.04000000001943,0.9999999999999998,0.9999999999999998
138.33000000001917,0.9999999999999998,0.9999999999999998
138.36000000001914,0.9999999999999998,0.9999999999999998
138.65000000001888,0.9999999999999998,0.9999999999999998
138.68000000001885,0.9999999999999998,0.9999999999999998
138.9700000000186,0.9999999999999998,0.9999999999999998
139.00000000001856,0.9999999999999998,0.9999999999999998
139.2900000000183,0.9999999999999998,0.9999999999999998
139.32000000001827,0.9999999999999998,0.9999999999999998
139.610000000018,0.9999999999999998,0.9999999999999998
139.64000000001798,0.9999999999999998,0.9999999999999998
139.9300000000177,0.9999999999999998,0.9999999999999998
139.9600000000177,0.9999999999999998,0.9999999999999998
140.25000000001742,0.9999999999999998,0.9999999999999998
140.2800000000174,0.9999999999999998,0.9999999999999998
140.57000000001713,0.9999999999999998,0.9999999999999998
140.6000000000171,0.9999999999999998,0.9999999999999998
140.89000000001684,0.9999999999999998,0.9999999999999998
140.9200000000168,0.9999999999999998,0.9999999999999998
141.21000000001655,0.9999999999999998,0.9999999999999998
141.24000000001652,0.9999999999999998,0.9999999999999998
141.53000000001626,0.9999999999999998,0.9999999999999998
141.56000000001623,0.9999999999999998,0.9999999999999998
141.85000000001597,0.9999999999999998,0.9999999999999998
141.88000000001594,0.9999999999999998,0.9999999999999998
142.17000000001568,0.9999999999999998,0.9999999999999998
142.20000000001565,0.9999999999999998,0.9999999999999998
142.49000000001539,0.9999999999999998,0.9999999999999998
142.52000000001536,0.9999999999999998,0.9999999999999998
142.8100000000151,0.9999999999999998,0.9999999999999998
142.84000000001507,0.9999999999999998,0.9999999999999998
143.1300000000148,0.9999999999999998,0.9999999999999998
143.16000000001478,0.9999999999999998,0.9999999999999998
143.4500000000145,0.9999999999999998,0.9999999999999998
143.48000000001448,0.9999999999999998,0.9999999999999998
143.77000000001422,0.9999999999999998,0.9999999999999998
143.8000000000142,0.9999999999999998,0.9999999999999998
144.09000000001393,0.9999999999999998,0.9999999999999998
144.1200000000139,0.9999999999999998,0.9999999999999998
144.41000000001364,0.9999999999999998,0.9999999999999998
144.4400000000136,0.9999999999999998,0.9999999999999998
144.73000000001335,0.9999999999999998,0.9999999999999998
144.76000000001332,0.9999999999999998,0.9999999999999998
145.05000000001306,0.9999999999999998,0.9999999999999998
145.08000000001303,0.9999999999999998,0.9999999999999998
145.37000000001277,0.9999999999999998,0.9999999999999998
145.40000000001274,0.9999999999999998,0.9999999999999998
145.69000000001247,0.9999999999999998,0.9999999999999998
145.72000000001245,0.9999999999999998,0.9999999999999998
146.01000000001218,0.9999999999999998,0.9999999999999998
146.04000000001216,0.9999999999999998,0.9999999999999998
146.3300000000119,0.9999999999999998,0.9999999999999998
146.36000000001187,0.9999999999999998,0.9999999999999998
146.6500000000116,0.9999999999999998,0.9999999999999998
146.68000000001157,0.9999999999999998,0.9999999999999998
146.9700000000113,0.9999999999999998,0.9999999999999998
147.00000000001128,0.9999999999999998,0.9999999999999998
147.29000000001102,0.9999999999999998,0.9999999999999998
147.320000000011,0.9999999999999998,0.9999999999999998
147.61000000001073,0.9999999999999998,0.9999999999999998
147.6400000000107,0.9999999999999998,0.9999999999999998
147.93000000001044,0.9999999999999998,0.9999999999999998
147.9600000000104,0.9999999999999998,0.9999999999999998
148.25000000001015,0.9999999999999998,0.9999999999999998
148.28000000001012,0.9999999999999998,0.9999999999999998
148.57000000000986,0.9999999999999998,0.9999999999999998
148.60000000000983,0.9999999999999998,0.9999999999999998
148.89000000000956,0.9999999999999998,0.9999999999999998
148.92000000000954,0.9999999999999998,0.9999999999999998
149.21000000000927,0.9999999999999998,0.9999999999999998
149.24000000000925,0.9999999999999998,0.9999999999999998
149.53000000000898,0.9999999999999998,0.9999999999999998
149.56000000000896,0.9999999999999998,0.9999999999999998
149.8500000000087,0.9999999999999998,0.9999999999999998
149.88000000000866,0.9999999999999998,0.9999999999999998
150.1700000000084,0.9999999999999998,0.9999999999999998
150.20000000000837,0.9999999999999998,0.9999999999999998
150.4900000000081,0.9999999999999998,0.9999999999999998
150.52000000000808,0.9999999999999998,0.9999999999999998
150.81000000000782,0.9999999999999998,0.9999999999999998
150.8400000000078,0.9999999999999998,0.9999999999999998
151.13000000000753,0.9999999999999998,0.9999999999999998
151.1600000000075,0.9999999999999998,0.9999999999999998
151.45000000000724,0.9999999999999998,0.9999999999999998
151.4800000000072,0.9999999999999998,0.9999999999999998
151.77000000000695,0.9999999999999998,0.9999999999999998
151.80000000000692,0.9999999999999998,0.9999999999999998
152.09000000000665,0.9999999999999998,0.9999999999999998
152.12000000000663,0.9999999999999998,0.9999999999999998
152.41000000000636,0.9999999999999998,0.9999999999999998
152.44000000000634,0.9999999999999998,0.9999999999999998
152.73000000000607,0.9999999999999998,0.9999999999999998
152.76000000000604,0.9999999999999998,0.9999999999999998
153.05000000000578,0.9999999999999998,0.9999999999999998
153.08000000000575,0.9999999999999998,0.9999999999999998
153.3700000000055,0.9999999999999998,0.9999999999999998
153.40000000000546,0.9999999999999998,0.9999999999999998
153.6900000000052,0.9999999999999998,0.9999999999999998
153.72000000000517,0.9999999999999998,0.9999999999999998
154.0100000000049,0.9999999999999998,0.9999999999999998
154.04000000000488,0.9999999999999998,0.9999999999999998
154.33000000000462,0.9999999999999998,0.9999999999999998
154.3600000000046,0.9999999999999998,0.9999999999999998
154.65000000000433,0.9999999999999998,0.9999999999999998
154.6800000000043,0.9999999999999998,0.9999999999999998
154.97000000000403,0.9999999999999998,0.9999999999999998
155.000000000004,0.9999999999999998,0.9999999999999998
155.29000000000374,0.9999999999999998,0.9999999999999998
155.32000000000372,0.9999999999999998,0.9999999999999998
155.61000000000345,0.9999999999999998,0.9999999999999998
155.64000000000343,0.9999999999999998,0.9999999999999998
155.93000000000316,0.9999999999999998,0.9999999999999998
155.96000000000313,0.9999999999999998,0.9999999999999998
156.25000000000287,0.9999999999999998,0.9999999999999998
156.28000000000284,0.9999999999999998,0.9999999999999998
156.57000000000258,0.9999999999999998,0.9999999999999998
156.60000000000255,0.9999999999999998,0.9999999999999998
156.8900000000023,0.9999999999999998,0.9999999999999998
156.92000000000226,0.9999999999999998,0.9999999999999998
157.210000000002,0.9999999999999998,0.9999999999999998
157.24000000000197,0.9999999999999998,0.9999999999999998
157.5300000000017,0.9999999999999998,0.9999999999999998
157.56000000000168,0.9999999999999998,0.9999999999999998
157.85000000000142,0.9999999999999998,0.9999999999999998
157.8800000000014,0.9999999999999998,0.9999999999999998
158.17000000000112,0.9999999999999998,0.9999999999999998
158.2000000000011,0.9999999999999998,0.9999999999999998
158.49000000000083,0.9999999999999998,0.9999999999999998
158.5200000000008,0.9999999999999998,0.9999999999999998
158.82000000000053,0.9999999999999998,0.9999999999999998
158.8500000000005,0.9999999999999998,0.9999999999999998
159.14000000000024,0.9999999999999998,0.9999999999999998
159.17000000000021,0.9999999999999998,0.9999999999999998
159.45999999999995,0.9999999999999998,0.9999999999999998
159.48999999999992,0.9999999999999998,0.9999999999999998
159.77999999999966,0.9999999999999998,0.9999999999999998
159.80999999999963,0.9999999999999998,0.9999999999999998
160.09999999999937,0.9999999999999998,0.9999999999999998
160.12999999999934,0.9999999999999998,0.9999999999999998
160.41999999999908,0.9999999999999998,0.9999999999999998
160.44999999999905,0.9999999999999998,0.9999999999999998
160.7399999999988,0.9999999999999998,0.9999999999999998
160.76999999999876,0.9999999999999998,0.9999999999999998
161.0599999999985,0.9999999999999998,0.9999999999999998
161.08999999999847,0.9999999999999998,0.9999999999999998
161.3799999999982,0.9999999999999998,0.9999999999999998
161.40999999999818,0.9999999999999998,0.9999999999999998
161.6999999999979,0.9999999999999998,0.9999999999999998
161.7299999999979,0.9999999999999998,0.9999999999999998
162.01999999999762,0.9999999999999998,0.9999999999999998
162.0499999999976,0.9999999999999998,0.9999999999999998
162.3599999999973,0.9999999999999998,0.9999999999999998
162.62999999999707,0.9999999999999998,0.9999999999999998
162.67999999999702,0.9999999999999998,0.9999999999999998
162.94999999999678,0.9999999999999998,0.9999999999999998
162.99999999999673,0.9999999999999998,0.9999999999999998
163.2699999999965,0.9999999999999998,0.9999999999999998
163.31999999999644,0.9999999999999998,0.9999999999999998
163.5899999999962,0.9999999999999998,0.9999999999999998
163.63999999999615,0.9999999999999998,0.9999999999999998
163.9099999999959,0.9999999999999998,0.9999999999999998
163.95999999999586,0.9999999999999998,0.9999999999999998
164.2299999999956,0.9999999999999998,0.9999999999999998
164.27999999999557,0.9999999999999998,0.9999999999999998
164.54999999999532,0.9999999999999998,0.9999999999999998
164.59999999999528,0.9999999999999998,0.9999999999999998
164.86999999999503,0.9999999999999998,0.9999999999999998
164.91999999999499,0.9999999999999998,0.9999999999999998
165.18999999999474,0.9999999999999998,0.9999999999999998
165.2399999999947,0.9999999999999998,0.9999999999999998
165.50999999999445,0.9999999999999998,0.9999999999999998
165.5599999999944,0.9999999999999998,0.9999999999999998
165.82999999999416,0.9999999999999998,0.9999999999999998
165.8799999999941,0.9999999999999998,0.9999999999999998
166.14999999999387,0.9999999999999998,0.9999999999999998
166.19999999999382,0.9999999999999998,0.9999999999999998
166.46999999999358,0.9999999999999998,0.9999999999999998
166.51999999999353,0.9999999999999998,0.9999999999999998
166.78999999999328,0.9999999999999998,0.9999999999999998
166.83999999999324,0.9999999999999998,0.9999999999999998
167.109999999993,0.9999999999999998,0.9999999999999998
167.15999999999295,0.9999999999999998,0.9999999999999998
167.4299999999927,0.9999999999999998,0.9999999999999998
167.47999999999266,0.9999999999999998,0.9999999999999998
167.7499999999924,0.9999999999999998,0.9999999999999998
167.79999999999237,0.9999999999999998,0.9999999999999998
168.06999999999212,0.9999999999999998,0.9999999999999998
168.11999999999207,0.9999999999999998,0.9999999999999998
168.38999999999183,0.9999999999999998,0.9999999999999998
168.43999999999178,0.9999999999999998,0.9999999999999998
168.70999999999154,0.9999999999999998,0.9999999999999998
168.7599999999915,0.9999999999999998,0.9999999999999998
169.02999999999125,0.9999999999999998,0.9999999999999998
169.0799999999912,0.9999999999999998,0.9999999999999998
169.34999999999096,0.9999999999999998,0.9999999999999998
169.3999999999909,0.9999999999999998,0.9999999999999998
169.66999999999067,0.9999999999999998,0.9999999999999998
169.71999999999062,0.9999999999999998,0.9999999999999998
169.98999999999037,0.9999999999999998,0.9999999999999998
170.03999999999033,0.9999999999999998,0.9999999999999998
170.30999999999008,0.9999999999999998,0.9999999999999998
170.35999999999004,0.9999999999999998,0.9999999999999998
170.6299999999898,0.9999999999999998,0.9999999999999998
170.67999999998975,0.9999999999999998,0.9999999999999998
170.9499999999895,0.9999999999999998,0.9999999999999998
170.99999999998946,0.9999999999999998,0.9999999999999998
171.2699999999892,0.9999999999999998,0.9999999999999998
171.31999999998916,0.9999999999999998,0.9999999999999998
171.58999999998892,0.9999999999999998,0.9999999999999998
171.63999999998887,0.9999999999999998,0.9999999999999998
171.90999999998863,0.9999999999999998,0.9999999999999998
171.95999999998858,0.9999999999999998,0.9999999999999998
172.22999999998834,0.9999999999999998,0.9999999999999998
172.2799999999883,0.9999999999999998,0.9999999999999998
172.54999999998805,0.9999999999999998,0.9999999999999998
172.599999999988,0.9999999999999998,0.9999999999999998
172.86999999998775,0.9999999999999998,0.9999999999999998
172.9199999999877,0.9999999999999998,0.9999999999999998
173.18999999998746,0.9999999999999998,0.9999999999999998
173.23999999998742,0.9999999999999998,0.9999999999999998
173.50999999998717,0.9999999999999998,0.9999999999999998
173.55999999998713,0.9999999999999998,0.9999999999999998
173.82999999998688,0.9999999999999998,0.9999999999999998
173.87999999998684,0.9999999999999998,0.9999999999999998
174.1499999999866,0.9999999999999998,0.9999999999999998
174.19999999998655,0.9999999999999998,0.9999999999999998
174.4699999999863,0.9999999999999998,0.9999999999999998
174.51999999998625,0.9999999999999998,0.9999999999999998
174.789999999986,0.9999999999999998,0.9999999999999998
174.83999999998596,0.9999999999999998,0.9999999999999998
175.10999999998572,0.9999999999999998,0.9999999999999998
175.15999999998567,0.9999999999999998,0.9999999999999998
175.42999999998543,0.9999999999999998,0.9999999999999998
175.47999999998538,0.9999999999999998,0.9999999999999998
175.74999999998514,0.9999999999999998,0.9999999999999998
175.7999999999851,0.9999999999999998,0.9999999999999998
176.06999999998484,0.9999999999999998,0.9999999999999998
176.1199999999848,0.9999999999999998,0.9999999999999998
176.38999999998455,0.9999999999999998,0.9999999999999998
176.4399999999845,0.9999999999999998,0.9999999999999998
176.70999999998426,0.9999999999999998,0.9999999999999998
176.75999999998422,0.9999999999999998,0.9999999999999998
177.02999999998397,0.9999999999999998,0.9999999999999998
177.07999999998393,0.9999999999999998,0.9999999999999998
177.34999999998368,0.9999999999999998,0.9999999999999998
177.39999999998363,0.9999999999999998,0.9999999999999998
177.6699999999834,0.9999999999999998,0.9999999999999998
177.71999999998334,0.9999999999999998,0.9999999999999998
177.9899999999831,0.9999999999999998,0.9999999999999998
178.03999999998305,0.9999999999999998,0.9999999999999998
178.3099999999828,0.9999999999999998,0.9999999999999998
178.35999999998276,0.9999999999999998,0.9999999999999998
178.62999999998252,0.9999999999999998,0.9999999999999998
178.67999999998247,0.9999999999999998,0.9999999999999998
178.94999999998223,0.9999999999999998,0.9999999999999998
178.99999999998218,0.9999999999999998,0.9999999999999998
179.26999999998193,0.9999999999999998,0.9999999999999998
179.3199999999819,0.9999999999999998,0.9999999999999998
179.60999999998162,0.9999999999999998,0.9999999999999998
179.6399999999816,0.9999999999999998,0.9999999999999998
179.92999999998133,0.9999999999999998,0.9999999999999998
179.9599999999813,0.9999999999999998,0.9999999999999998
180.24999999998104,0.9999999999999998,0.9999999999999998
180.27999999998102,0.9999999999999998,0.9999999999999998
180.56999999998075,0.9999999999999998,0.9999999999999998
180.59999999998072,0.9999999999999998,0.9999999999999998
180.88999999998046,0.9999999999999998,0.9999999999999998
180.91999999998043,0.9999999999999998,0.9999999999999998
181.20999999998017,0.9999999999999998,0.9999999999999998
181.23999999998014,0.9999999999999998,0.9999999999999998
181.52999999997988,0.9999999999999998,0.9999999999999998
181.55999999997985,0.9999999999999998,0.9999999999999998
181.8499999999796,0.9999999999999998,0.9999999999999998
181.87999999997956,0.9999999999999998,0.9999999999999998
182.1699999999793,0.9999999999999998,0.9999999999999998
182.19999999997927,0.9999999999999998,0.9999999999999998
182.489999999979,0.9999999999999998,0.9999999999999998
182.51999999997898,0.9999999999999998,0.9999999999999998
182.80999999997871,0.9999999999999998,0.9999999999999998
182.8399999999787,0.9999999999999998,0.9999999999999998
183.12999999997842,0.9999999999999998,0.9999999999999998
183.1599999999784,0.9999999999999998,0.9999999999999998
183.44999999997813,0.9999999999999998,0.9999999999999998
183.4799999999781,0.9999999999999998,0.9999999999999998
183.76999999997784,0.9999999999999998,0.9999999999999998
183.7999999999778,0.9999999999999998,0.9999999999999998
184.08999999997755,0.9999999999999998,0.9999999999999998
184.11999999997752,0.9999999999999998,0.9999999999999998
184.40999999997726,0.9999999999999998,0.9999999999999998
184.43999999997723,0.9999999999999998,0.9999999999999998
184.72999999997697,0.9999999999999998,0.9999999999999998
184.75999999997694,0.9999999999999998,0.9999999999999998
185.04999999997668,0.9999999999999998,0.9999999999999998
185.07999999997665,0.9999999999999998,0.9999999999999998
185.3699999999764,0.9999999999999998,0.9999999999999998
185.39999999997636,0.9999999999999998,0.9999999999999998
185.6899999999761,0.9999999999999998,0.9999999999999998
185.71999999997607,0.9999999999999998,0.9999999999999998
186.0099999999758,0.9999999999999998,0.9999999999999998
186.03999999997578,0.9999999999999998,0.9999999999999998
186.3299999999755,0.9999999999999998,0.9999999999999998
186.35999999997549,0.9999999999999998,0.9999999999999998
186.64999999997522,0.9999999999999998,0.9999999999999998
186.6799999999752,0.9999999999999998,0.9999999999999998
186.96999999997493,0.9999999999999998,0.9999999999999998
186.9999999999749,0.9999999999999998,0.9999999999999998
187.28999999997464,0.9999999999999998,0.9999999999999998
187.3199999999746,0.9999999999999998,0.9999999999999998
187.60999999997435,0.9999999999999998,0.9999999999999998
187.63999999997432,0.9999999999999998,0.9999999999999998
187.92999999997406,0.9999999999999998,0.9999999999999998
187.95999999997403,0.9999999999999998,0.9999999999999998
188.24999999997377,0.9999999999999998,0.9999999999999998
188.27999999997374,0.9999999999999998,0.9999999999999998
188.56999999997348,0.9999999999999998,0.9999999999999998
188.59999999997345,0.9999999999999998,0.9999999999999998
188.88999999997318,0.9999999999999998,0.9999999999999998
188.91999999997316,0.9999999999999998,0.9999999999999998
189.2099999999729,0.9999999999999998,0.9999999999999998
189.23999999997287,0.9999999999999998,0.9999999999999998
189.5299999999726,0.9999999999999998,0.9999999999999998
189.55999999997258,0.9999999999999998,0.9999999999999998
189.8499999999723,0.9999999999999998,0.9999999999999998
189.87999999997228,0.9999999999999998,0.9999999999999998
190.16999999997202,0.9999999999999998,0.9999999999999998
190.199999999972,0.9999999999999998,0.9999999999999998
190.48999999997173,0.9999999999999998,0.9999999999999998
190.5199999999717,0.9999999999999998,0.9999999999999998
190.80999999997144,0.9999999999999998,0.9999999999999998
190.8399999999714,0.9999999999999998,0.9999999999999998
191.12999999997115,0.9999999999999998,0.9999999999999998
191.15999999997112,0.9999999999999998,0.9999999999999998
191.44999999997086,0.9999999999999998,0.9999999999999998
191.47999999997083,0.9999999999999998,0.9999999999999998
191.76999999997057,0.9999999999999998,0.9999999999999998
191.79999999997054,0.9999999999999998,0.9999999999999998
192.08999999997027,0.9999999999999998,0.9999999999999998
192.11999999997025,0.9999999999999998,0.9999999999999998
192.40999999996998,0.9999999999999998,0.9999999999999998
192.43999999996996,0.9999999999999998,0.9999999999999998
192.7299999999697,0.9999999999999998,0.9999999999999998
192.75999999996966,0.9999999999999998,0.9999999999999998
193.0499999999694,0.9999999999999998,0.9999999999999998
193.07999999996937,0.9999999999999998,0.9999999999999998
193.3699999999691,0.9999999999999998,0.9999999999999998
193.39999999996908,0.9999999999999998,0.9999999999999998
193.68999999996882,0.9999999999999998,0.9999999999999998
193.7199999999688,0.9999999999999998,0.9999999999999998
194.00999999996853,0.9999999999999998,0.9999999999999998
194.0399999999685,0.9999999999999998,0.9999999999999998
194.32999999996824,0.9999999999999998,0.9999999999999998
194.3599999999682,0.9999999999999998,0.9999999999999998
194.64999999996795,0.9999999999999998,0.9999999999999998
194.67999999996792,0.9999999999999998,0.9999999999999998
194.96999999996765,0.9999999999999998,0.9999999999999998
194.99999999996763,0.9999999999999998,0.9999999999999998
195.28999999996736,0.9999999999999998,0.9999999999999998
195.31999999996734,0.9999999999999998,0.9999999999999998
195.60999999996707,0.9999999999999998,0.9999999999999998
195.63999999996705,0.9999999999999998,0.9999999999999998
195.92999999996678,0.9999999999999998,0.9999999999999998
195.95999999996675,0.9999999999999998,0.9999999999999998
196.2499999999665,0.9999999999999998,0.9999999999999998
196.27999999996646,0.9999999999999998,0.9999999999999998
196.5699999999662,0.9999999999999998,0.9999999999999998
196.59999999996617,0.9999999999999998,0.9999999999999998
196.8899999999659,0.9999999999999998,0.9999999999999998
196.91999999996588,0.9999999999999998,0.9999999999999998
197.20999999996562,0.9999999999999998,0.9999999999999998
197.2399999999656,0.9999999999999998,0.9999999999999998
197.52999999996533,0.9999999999999998,0.9999999999999998
197.5599999999653,0.9999999999999998,0.9999999999999998
197.84999999996504,0.9999999999999998,0.9999999999999998
197.879999999965,0.9999999999999998,0.9999999999999998
198.16999999996474,0.9999999999999998,0.9999999999999998
198.19999999996472,0.9999999999999998,0.9999999999999998
198.48999999996445,0.9999999999999998,0.9999999999999998
198.51999999996443,0.9999999999999998,0.9999999999999998
198.80999999996416,0.9999999999999998,0.9999999999999998
198.83999999996414,0.9999999999999998,0.9999999999999998
199.12999999996387,0.9999999999999998,0.9999999999999998
199.15999999996384,0.9999999999999998,0.9999999999999998
199.44999999996358,0.9999999999999998,0.9999999999999998
199.47999999996355,0.9999999999999998,0.9999999999999998
199.7699999999633,0.9999999999999998,0.9999999999999998
199.79999999996326,0.9999999999999998,0.9999999999999998
