time,obs_zz,obs_xx,fidelity_phi_plus
0.21000000000000005,0.9999999999999998,0.9999999999999998,0.9999999999999996
0.4300000000000002,0.9999999999999998,0.9999999999999998,0.9999999999999996
0.6500000000000004,0.9999999999999998,0.9999999999999998,0.9999999999999996
0.8700000000000006,0.9999999999999998,0.9999999999999998,0.9999999999999996
1.0900000000000007,0.9999999999999998,0.9999999999999998,0.9999999999999996
1.310000000000001,0.9999999999999998,0.9999999999999998,0.9999999999999996
1.5300000000000011,0.9999999999999998,0.9999999999999998,0.9999999999999996
1.7500000000000013,0.9999999999999998,0.9999999999999998,0.9999999999999996
1.9700000000000015,0.9999999999999998,0.9999999999999998,0.9999999999999996
2.199999999999997,0.9999999999999998,0.9999999999999998,0.9999999999999996
2.4199999999999924,0.9999999999999998,0.9999999999999998,0.9999999999999996
2.6399999999999877,0.9999999999999998,0.9999999999999998,0.9999999999999996
2.859999999999983,0.9999999999999998,0.9999999999999998,0.9999999999999996
3.0799999999999783,0.9999999999999998,0.9999999999999998,0.9999999999999996
3.2999999999999736,0.9999999999999998,0.9999999999999998,0.9999999999999996
3.519999999999969,0.9999999999999998,0.9999999999999998,0.9999999999999996
3.7399999999999642,0.9999999999999998,0.9999999999999998,0.9999999999999996
3.9599999999999596,0.9999999999999998,0.9999999999999998,0.9999999999999996
4.179999999999955,0.9999999999999998,0.9999999999999998,0.9999999999999996
4.399999999999951,0.9999999999999998,0.9999999999999998,0.9999999999999996
4.619999999999946,0.9999999999999998,0.9999999999999998,0.9999999999999996
4.839999999999941,0.9999999999999998,0.9999999999999998,0.9999999999999996
5.0599999999999365,0.9999999999999998,0.9999999999999998,0.9999999999999996
5.279999999999932,0.9999999999999998,0.9999999999999998,0.9999999999999996
5.499999999999927,0.9999999999999998,0.9999999999999998,0.9999999999999996
5.7199999999999225,0.9999999999999998,0.9999999999999998,0.9999999999999996
5.939999999999918,0.9999999999999998,0.9999999999999998,0.9999999999999996
6.159999999999913,0.9999999999999998,0.9999999999999998,0.9999999999999996
6.379999999999908,0.9999999999999998,0.9999999999999998,0.9999999999999996
6.599999999999904,0.9999999999999998,0.9999999999999998,0.9999999999999996
6.819999999999899,0.9999999999999998,0.9999999999999998,0.9999999999999996
7.039999999999894,0.9999999999999998,0.9999999999999998,0.9999999999999996
7.25999999999989,0.9999999999999998,0.9999999999999998,0.9999999999999996
7.479999999999885,0.9999999999999998,0.9999999999999998,0.9999999999999996
7.69999999999988,0.9999999999999998,0.9999999999999998,0.9999999999999996
7.919999999999876,0.9999999999999998,0.9999999999999998,0.9999999999999996
8.139999999999871,0.9999999999999998,0.9999999999999998,0.9999999999999996
8.359999999999866,0.9999999999999998,0.9999999999999998,0.9999999999999996
8.579999999999862,0.9999999999999998,0.9999999999999998,0.9999999999999996
8.799999999999857,0.9999999999999998,0.9999999999999998,0.9999999999999996
9.019999999999852,0.9999999999999998,0.9999999999999998,0.9999999999999996
9.239999999999847,0.9999999999999998,0.9999999999999998,0.9999999999999996
9.459999999999843,0.9999999999999998,0.9999999999999998,0.9999999999999996
9.679999999999838,0.9999999999999998,0.9999999999999998,0.9999999999999996
9.899999999999833,0.9999999999999998,0.9999999999999998,0.9999999999999996
10.119999999999829,0.9999999999999998,0.9999999999999998,0.9999999999999996
10.339999999999824,0.9999999999999998,0.9999999999999998,0.9999999999999996
10.55999999999982,0.9999999999999998,0.9999999999999998,0.9999999999999996
10.779999999999815,0.9999999999999998,0.9999999999999998,0.9999999999999996
10.99999999999981,0.9999999999999998,0.9999999999999998,0.9999999999999996
11.219999999999805,0.9999999999999998,0.9999999999999998,0.9999999999999996
11.4399999999998,0.9999999999999998,0.9999999999999998,0.9999999999999996
11.659999999999796,0.9999999999999998,0.9999999999999998,0.9999999999999996
11.879999999999791,0.9999999999999998,0.9999999999999998,0.9999999999999996
12.099999999999786,0.9999999999999998,0.9999999999999998,0.9999999999999996
12.319999999999782,0.9999999999999998,0.9999999999999998,0.9999999999999996
12.539999999999777,0.9999999999999998,0.9999999999999998,0.9999999999999996
12.759999999999772,0.9999999999999998,0.9999999999999998,0.9999999999999996
12.979999999999768,0.9999999999999998,0.9999999999999998,0.9999999999999996
13.199999999999763,0.9999999999999998,0.9999999999999998,0.9999999999999996
13.419999999999758,0.9999999999999998,0.9999999999999998,0.9999999999999996
13.639999999999754,0.9999999999999998,0.9999999999999998,0.9999999999999996
13.859999999999749,0.9999999999999998,0.9999999999999998,0.9999999999999996
14.079999999999744,0.9999999999999998,0.9999999999999998,0.9999999999999996
14.29999999999974,0.9999999999999998,0.9999999999999998,0.9999999999999996
14.519999999999735,0.9999999999999998,0.9999999999999998,0.9999999999999996
14.73999999999973,0.9999999999999998,0.9999999999999998,0.9999999999999996
14.959999999999726,0.9999999999999998,0.9999999999999998,0.9999999999999996
15.17999999999972,0.9999999999999998,0.9999999999999998,0.9999999999999996
15.399999999999716,0.9999999999999998,0.9999999999999998,0.9999999999999996
15.619999999999711,0.9999999999999998,0.9999999999999998,0.9999999999999996
15.839999999999707,0.9999999999999998,0.9999999999999998,0.9999999999999996
16.05999999999971,0.9999999999999998,0.9999999999999998,0.9999999999999996
16.279999999999745,0.9999999999999998,0.9999999999999998,0.9999999999999996
16.49999999999978,0.9999999999999998,0.9999999999999998,0.9999999999999996
16.719999999999814,0.9999999999999998,0.9999999999999998,0.9999999999999996
16.93999999999985,0.9999999999999998,0.9999999999999998,0.9999999999999996
17.159999999999883,0.9999999999999998,0.9999999999999998,0.9999999999999996
17.379999999999917,0.9999999999999998,0.9999999999999998,0.9999999999999996
17.59999999999995,0.9999999999999998,0.9999999999999998,0.9999999999999996
17.809999999999985,0.9999999999999998,0.9999999999999998,0.9999999999999996
18.03000000000002,0.9999999999999998,0.9999999999999998,0.9999999999999996
18.250000000000053,0.9999999999999998,0.9999999999999998,0.9999999999999996
18.470000000000088,0.9999999999999998,0.9999999999999998,0.9999999999999996
18.690000000000122,0.9999999999999998,0.9999999999999998,0.9999999999999996
18.910000000000156,0.9999999999999998,0.9999999999999998,0.9999999999999996
19.13000000000019,0.9999999999999998,0.9999999999999998,0.9999999999999996
19.350000000000225,0.9999999999999998,0.9999999999999998,0.9999999999999996
19.57000000000026,0.9999999999999998,0.9999999999999998,0.9999999999999996
19.790000000000294,0.9999999999999998,0.9999999999999998,0.9999999999999996
20.01000000000033,0.9999999999999998,0.9999999999999998,0.9999999999999996
20.230000000000363,0.9999999999999998,0.9999999999999998,0.9999999999999996
20.450000000000397,0.9999999999999998,0.9999999999999998,0.9999999999999996
20.67000000000043,0.9999999999999998,0.9999999999999998,0.9999999999999996
20.890000000000466,0.9999999999999998,0.9999999999999998,0.9999999999999996
21.1100000000005,0.9999999999999998,0.9999999999999998,0.9999999999999996
21.330000000000535,0.9999999999999998,0.9999999999999998,0.9999999999999996
21.55000000000057,0.9999999999999998,0.9999999999999998,0.9999999999999996
21.770000000000604,0.9999999999999998,0.9999999999999998,0.9999999999999996
21.990000000000638,0.9999999999999998,0.9999999999999998,0.9999999999999996
22.210000000000672,0.9999999999999998,0.9999999999999998,0.9999999999999996
22.430000000000707,0.9999999999999998,0.9999999999999998,0.9999999999999996
22.65000000000074,0.9999999999999998,0.9999999999999998,0.9999999999999996
22.870000000000775,0.9999999999999998,0.9999999999999998,0.9999999999999996
23.09000000000081,0.9999999999999998,0.9999999999999998,0.9999999999999996
23.310000000000844,0.9999999999999998,0.9999999999999998,0.9999999999999996
23.53000000000088,0.9999999999999998,0.9999999999999998,0.9999999999999996
23.750000000000913,0.9999999999999998,0.9999999999999998,0.9999999999999996
23.970000000000947,0.9999999999999998,0.9999999999999998,0.9999999999999996
24.190000000000982,0.9999999999999998,0.9999999999999998,0.9999999999999996
24.410000000001016,0.9999999999999998,0.9999999999999998,0.9999999999999996
24.63000000000105,0.9999999999999998,0.9999999999999998,0.9999999999999996
24.850000000001085,0.9999999999999998,0.9999999999999998,0.9999999999999996
25.07000000000112,0.9999999999999998,0.9999999999999998,0.9999999999999996
25.290000000001154,0.9999999999999998,0.9999999999999998,0.9999999999999996
25.510000000001188,0.9999999999999998,0.9999999999999998,0.9999999999999996
25.730000000001223,0.9999999999999998,0.9999999999999998,0.9999999999999996
25.950000000001257,0.9999999999999998,0.9999999999999998,0.9999999999999996
26.17000000000129,0.9999999999999998,0.9999999999999998,0.9999999999999996
26.390000000001326,0.9999999999999998,0.9999999999999998,0.9999999999999996
26.61000000000136,0.9999999999999998,0.9999999999999998,0.9999999999999996
26.830000000001395,0.9999999999999998,0.9999999999999998,0.9999999999999996
27.05000000000143,0.9999999999999998,0.9999999999999998,0.9999999999999996
27.270000000001463,0.9999999999999998,0.9999999999999998,0.9999999999999996
27.490000000001498,0.9999999999999998,0.9999999999999998,0.9999999999999996
27.710000000001532,0.9999999999999998,0.9999999999999998,0.9999999999999996
27.930000000001566,0.9999999999999998,0.9999999999999998,0.9999999999999996
28.1500000000016,0.9999999999999998,0.9999999999999998,0.9999999999999996
28.370000000001635,0.9999999999999998,0.9999999999999998,0.9999999999999996
28.59000000000167,0.9999999999999998,0.9999999999999998,0.9999999999999996
28.810000000001704,0.9999999999999998,0.9999999999999998,0.9999999999999996
29.03000000000174,0.9999999999999998,0.9999999999999998,0.9999999999999996
29.250000000001773,0.9999999999999998,0.9999999999999998,0.9999999999999996
29.470000000001807,0.9999999999999998,0.9999999999999998,0.9999999999999996
29.69000000000184,0.9999999999999998,0.9999999999999998,0.9999999999999996
29.910000000001876,0.9999999999999998,0.9999999999999998,0.9999999999999996
30.13000000000191,0.9999999999999998,0.9999999999999998,0.9999999999999996
30.350000000001945,0.9999999999999998,0.9999999999999998,0.9999999999999996
30.57000000000198,0.9999999999999998,0.9999999999999998,0.9999999999999996
30.790000000002014,0.9999999999999998,0.9999999999999998,0.9999999999999996
31.010000000002048,0.9999999999999998,0.9999999999999998,0.9999999999999996
31.230000000002082,0.9999999999999998,0.9999999999999998,0.9999999999999996
31.450000000002117,0.9999999999999998,0.9999999999999998,0.9999999999999996
31.67000000000215,0.9999999999999998,0.9999999999999998,0.9999999999999996
31.890000000002185,0.9999999999999998,0.9999999999999998,0.9999999999999996
32.11000000000218,0.9999999999999998,0.9999999999999998,0.9999999999999996
32.33000000000214,0.9999999999999998,0.9999999999999998,0.9999999999999996
32.55000000000209,0.9999999999999998,0.9999999999999998,0.9999999999999996
32.77000000000205,0.9999999999999998,0.9999999999999998,0.9999999999999996
32.990000000002006,0.9999999999999998,0.9999999999999998,0.9999999999999996
33.21000000000196,0.9999999999999998,0.9999999999999998,0.9999999999999996
33.43000000000192,0.9999999999999998,0.9999999999999998,0.9999999999999996
33.650000000001874,0.9999999999999998,0.9999999999999998,0.9999999999999996
33.87000000000183,0.9999999999999998,0.9999999999999998,0.9999999999999996
34.09000000000179,0.9999999999999998,0.9999999999999998,0.9999999999999996
34.31000000000174,0.9999999999999998,0.9999999999999998,0.9999999999999996
34.5300000000017,0.9999999999999998,0.9999999999999998,0.9999999999999996
34.750000000001656,0.9999999999999998,0.9999999999999998,0.9999999999999996
34.97000000000161,0.9999999999999998,0.9999999999999998,0.9999999999999996
35.19000000000157,0.9999999999999998,0.9999999999999998,0.9999999999999996
35.410000000001524,0.9999999999999998,0.9999999999999998,0.9999999999999996
35.63000000000148,0.9999999999999998,0.9999999999999998,0.9999999999999996
35.85000000000144,0.9999999999999998,0.9999999999999998,0.9999999999999996
36.07000000000139,0.9999999999999998,0.9999999999999998,0.9999999999999996
36.29000000000135,0.9999999999999998,0.9999999999999998,0.9999999999999996
36.510000000001305,0.9999999999999998,0.9999999999999998,0.9999999999999996
36.73000000000126,0.9999999999999998,0.9999999999999998,0.9999999999999996
36.95000000000122,0.9999999999999998,0.9999999999999998,0.9999999999999996
37.170000000001174,0.9999999999999998,0.9999999999999998,0.9999999999999996
37.39000000000113,0.9999999999999998,0.9999999999999998,0.9999999999999996
37.61000000000109,0.9999999999999998,0.9999999999999998,0.9999999999999996
37.83000000000104,0.9999999999999998,0.9999999999999998,0.9999999999999996
38.050000000001,0.9999999999999998,0.9999999999999998,0.9999999999999996
38.270000000000955,0.9999999999999998,0.9999999999999998,0.9999999999999996
38.49000000000091,0.9999999999999998,0.9999999999999998,0.9999999999999996
38.71000000000087,0.9999999999999998,0.9999999999999998,0.9999999999999996
38.930000000000824,0.9999999999999998,0.9999999999999998,0.9999999999999996
39.15000000000078,0.9999999999999998,0.9999999999999998,0.9999999999999996
39.370000000000736,0.9999999999999998,0.9999999999999998,0.9999999999999996
39.59000000000069,0.9999999999999998,0.9999999999999998,0.9999999999999996
39.81000000000065,0.9999999999999998,0.9999999999999998,0.9999999999999996
40.030000000000605,0.9999999999999998,0.9999999999999998,0.9999999999999996
40.25000000000056,0.9999999999999998,0.9999999999999998,0.9999999999999996
40.47000000000052,0.9999999999999998,0.9999999999999998,0.9999999999999996
40.690000000000474,0.9999999999999998,0.9999999999999998,0.9999999999999996
40.91000000000043,0.9999999999999998,0.9999999999999998,0.9999999999999996
41.130000000000386,0.9999999999999998,0.9999999999999998,0.9999999999999996
41.35000000000034,0.9999999999999998,0.9999999999999998,0.9999999999999996
41.5700000000003,0.9999999999999998,0.9999999999999998,0.9999999999999996
41.790000000000255,0.9999999999999998,0.9999999999999998,0.9999999999999996
42.01000000000021,0.9999999999999998,0.9999999999999998,0.9999999999999996
42.23000000000017,0.9999999999999998,0.9999999999999998,0.9999999999999996
42.450000000000124,0.9999999999999998,0.9999999999999998,0.9999999999999996
42.67000000000008,0.9999999999999998,0.9999999999999998,0.9999999999999996
42.900000000000034,0.9999999999999998,0.9999999999999998,0.9999999999999996
43.11999999999999,0.9999999999999998,0.9999999999999998,0.9999999999999996
43.33999999999995,0.9999999999999998,0.9999999999999998,0.9999999999999996
43.5599999999999,0.9999999999999998,0.9999999999999998,0.9999999999999996
43.77999999999986,0.9999999999999998,0.9999999999999998,0.9999999999999996
43.999999999999815,0.9999999999999998,0.9999999999999998,0.9999999999999996
44.21999999999977,0.9999999999999998,0.9999999999999998,0.9999999999999996
44.43999999999973,0.9999999999999998,0.9999999999999998,0.9999999999999996
44.659999999999684,0.9999999999999998,0.9999999999999998,0.9999999999999996
44.87999999999964,0.9999999999999998,0.9999999999999998,0.9999999999999996
45.099999999999596,0.9999999999999998,0.9999999999999998,0.9999999999999996
45.31999999999955,0.9999999999999998,0.9999999999999998,0.9999999999999996
45.53999999999951,0.9999999999999998,0.9999999999999998,0.9999999999999996
45.759999999999465,0.9999999999999998,0.9999999999999998,0.9999999999999996
45.97999999999942,0.9999999999999998,0.9999999999999998,0.9999999999999996
46.19999999999938,0.9999999999999998,0.9999999999999998,0.9999999999999996
46.419999999999334,0.9999999999999998,0.9999999999999998,0.9999999999999996
46.63999999999929,0.9999999999999998,0.9999999999999998,0.9999999999999996
46.859999999999246,0.9999999999999998,0.9999999999999998,0.9999999999999996
47.0799999999992,0.9999999999999998,0.9999999999999998,0.9999999999999996
47.29999999999916,0.9999999999999998,0.9999999999999998,0.9999999999999996
47.519999999999115,0.9999999999999998,0.9999999999999998,0.9999999999999996
47.73999999999907,0.9999999999999998,0.9999999999999998,0.9999999999999996
47.95999999999903,0.9999999999999998,0.9999999999999998,0.9999999999999996
48.179999999998984,0.9999999999999998,0.9999999999999998,0.9999999999999996
48.39999999999894,0.9999999999999998,0.9999999999999998,0.9999999999999996
48.619999999998896,0.9999999999999998,0.9999999999999998,0.9999999999999996
48.83999999999885,0.9999999999999998,0.9999999999999998,0.9999999999999996
49.05999999999881,0.9999999999999998,0.9999999999999998,0.9999999999999996
49.279999999998765,0.9999999999999998,0.9999999999999998,0.9999999999999996
49.49999999999872,0.9999999999999998,0.9999999999999998,0.9999999999999996
49.71999999999868,0.9999999999999998,0.9999999999999998,0.9999999999999996
49.93999999999863,0.9999999999999998,0.9999999999999998,0.9999999999999996
50.15999999999859,0.9999999999999998,0.9999999999999998,0.9999999999999996
50.379999999998546,0.9999999999999998,0.9999999999999998,0.9999999999999996
50.5999999999985,0.9999999999999998,0.9999999999999998,0.9999999999999996
50.81999999999846,0.9999999999999998,0.9999999999999998,0.9999999999999996
51.039999999998415,0.9999999999999998,0.9999999999999998,0.9999999999999996
51.25999999999837,0.9999999999999998,0.9999999999999998,0.9999999999999996
51.47999999999833,0.9999999999999998,0.9999999999999998,0.9999999999999996
51.69999999999828,0.9999999999999998,0.9999999999999998,0.9999999999999996
51.91999999999824,0.9999999999999998,0.9999999999999998,0.9999999999999996
52.139999999998196,0.9999999999999998,0.9999999999999998,0.9999999999999996
52.35999999999815,0.9999999999999998,0.9999999999999998,0.9999999999999996
52.57999999999811,0.9999999999999998,0.9999999999999998,0.9999999999999996
52.799999999998064,0.9999999999999998,0.9999999999999998,0.9999999999999996
53.01999999999802,0.9999999999999998,0.9999999999999998,0.9999999999999996
53.23999999999798,0.9999999999999998,0.9999999999999998,0.9999999999999996
53.45999999999793,0.9999999999999998,0.9999999999999998,0.9999999999999996
53.67999999999789,0.9999999999999998,0.9999999999999998,0.9999999999999996
53.899999999997846,0.9999999999999998,0.9999999999999998,0.9999999999999996
54.1199999999978,0.9999999999999998,0.9999999999999998,0.9999999999999996
54.33999999999776,0.9999999999999998,0.9999999999999998,0.9999999999999996
54.559999999997714,0.9999999999999998,0.9999999999999998,0.9999999999999996
54.77999999999767,0.9999999999999998,0.9999999999999998,0.9999999999999996
54.99999999999763,0.9999999999999998,0.9999999999999998,0.9999999999999996
55.21999999999758,0.9999999999999998,0.9999999999999998,0.9999999999999996
55.43999999999754,0.9999999999999998,0.9999999999999998,0.9999999999999996
55.659999999997495,0.9999999999999998,0.9999999999999998,0.9999999999999996
55.87999999999745,0.9999999999999998,0.9999999999999998,0.9999999999999996
56.09999999999741,0.9999999999999998,0.9999999999999998,0.9999999999999996
56.319999999997364,0.9999999999999998,0.9999999999999998,0.9999999999999996
56.53999999999732,0.9999999999999998,0.9999999999999998,0.9999999999999996
56.75999999999728,0.9999999999999998,0.9999999999999998,0.9999999999999996
56.97999999999723,0.9999999999999998,0.9999999999999998,0.9999999999999996
57.19999999999719,0.9999999999999998,0.9999999999999998,0.9999999999999996
57.419999999997145,0.9999999999999998,0.9999999999999998,0.9999999999999996
57.6399999999971,0.9999999999999998,0.9999999999999998,0.9999999999999996
57.85999999999706,0.9999999999999998,0.9999999999999998,0.9999999999999996
58.079999999997014,0.9999999999999998,0.9999999999999998,0.9999999999999996
58.29999999999697,0.9999999999999998,0.9999999999999998,0.9999999999999996
58.51999999999693,0.9999999999999998,0.9999999999999998,0.9999999999999996
58.73999999999688,0.9999999999999998,0.9999999999999998,0.9999999999999996
58.95999999999684,0.9999999999999998,0.9999999999999998,0.9999999999999996
59.179999999996795,0.9999999999999998,0.9999999999999998,0.9999999999999996
59.39999999999675,0.9999999999999998,0.9999999999999998,0.9999999999999996
59.61999999999671,0.9999999999999998,0.9999999999999998,0.9999999999999996
59.839999999996664,0.9999999999999998,0.9999999999999998,0.9999999999999996
60.05999999999662,0.9999999999999998,0.9999999999999998,0.9999999999999996
60.279999999996576,0.9999999999999998,0.9999999999999998,0.9999999999999996
60.49999999999653,0.9999999999999998,0.9999999999999998,0.9999999999999996
60.71999999999649,0.9999999999999998,0.9999999999999998,0.9999999999999996
60.939999999996445,0.9999999999999998,0.9999999999999998,0.9999999999999996
61.1599999999964,0.9999999999999998,0.9999999999999998,0.9999999999999996
61.37999999999636,0.9999999999999998,0.9999999999999998,0.9999999999999996
61.599999999996314,0.9999999999999998,0.9999999999999998,0.9999999999999996
61.81999999999627,0.9999999999999998,0.9999999999999998,0.9999999999999996
62.039999999996226,0.9999999999999998,0.9999999999999998,0.9999999999999996
62.25999999999618,0.9999999999999998,0.9999999999999998,0.9999999999999996
62.47999999999614,0.9999999999999998,0.9999999999999998,0.9999999999999996
62.699999999996095,0.9999999999999998,0.9999999999999998,0.9999999999999996
62.91999999999605,0.9999999999999998,0.9999999999999998,0.9999999999999996
63.13999999999601,0.9999999999999998,0.9999999999999998,0.9999999999999996
63.35999999999596,0.9999999999999998,0.9999999999999998,0.9999999999999996
63.57999999999592,0.9999999999999998,0.9999999999999998,0.9999999999999996
63.799999999995876,0.9999999999999998,0.9999999999999998,0.9999999999999996
64.01999999999585,0.9999999999999998,0.9999999999999998,0.9999999999999996
64.23999999999596,0.9999999999999998,0.9999999999999998,0.9999999999999996
64.45999999999607,0.9999999999999998,0.9999999999999998,0.9999999999999996
64.67999999999618,0.9999999999999998,0.9999999999999998,0.9999999999999996
64.8999999999963,0.9999999999999998,0.9999999999999998,0.9999999999999996
65.11999999999641,0.9999999999999998,0.9999999999999998,0.9999999999999996
65.33999999999652,0.9999999999999998,0.9999999999999998,0.9999999999999996
65.55999999999663,0.9999999999999998,0.9999999999999998,0.9999999999999996
65.77999999999675,0.9999999999999998,0.9999999999999998,0.9999999999999996
65.99999999999686,0.9999999999999998,0.9999999999999998,0.9999999999999996
66.21999999999697,0.9999999999999998,0.9999999999999998,0.9999999999999996
66.43999999999708,0.9999999999999998,0.9999999999999998,0.9999999999999996
66.6599999999972,0.9999999999999998,0.9999999999999998,0.9999999999999996
66.87999999999731,0.9999999999999998,0.9999999999999998,0.9999999999999996
67.09999999999742,0.9999999999999998,0.9999999999999998,0.9999999999999996
67.31999999999753,0.9999999999999998,0.9999999999999998,0.9999999999999996
67.53999999999765,0.9999999999999998,0.9999999999999998,0.9999999999999996
67.75999999999776,0.9999999999999998,0.9999999999999998,0.9999999999999996
67.97999999999787,0.9999999999999998,0.9999999999999998,0.9999999999999996
68.19999999999798,0.9999999999999998,0.9999999999999998,0.9999999999999996
68.4199999999981,0.9999999999999998,0.9999999999999998,0.9999999999999996
68.63999999999821,0.9999999999999998,0.9999999999999998,0.9999999999999996
68.85999999999832,0.9999999999999998,0.9999999999999998,0.9999999999999996
69.07999999999844,0.9999999999999998,0.9999999999999998,0.9999999999999996
69.29999999999855,0.9999999999999998,0.9999999999999998,0.9999999999999996
69.51999999999866,0.9999999999999998,0.9999999999999998,0.9999999999999996
69.73999999999877,0.9999999999999998,0.9999999999999998,0.9999999999999996
69.95999999999889,0.9999999999999998,0.9999999999999998,0.9999999999999996
70.179999999999,0.9999999999999998,0.9999999999999998,0.9999999999999996
70.39999999999911,0.9999999999999998,0.9999999999999998,0.9999999999999996
70.61999999999922,0.9999999999999998,0.9999999999999998,0.9999999999999996
70.83999999999934,0.9999999999999998,0.9999999999999998,0.9999999999999996
71.05999999999945,0.9999999999999998,0.9999999999999998,0.9999999999999996
71.27999999999956,0.9999999999999998,0.9999999999999998,0.9999999999999996
71.49999999999967,0.9999999999999998,0.9999999999999998,0.9999999999999996
71.71999999999979,0.9999999999999998,0.9999999999999998,0.9999999999999996
71.9399999999999,0.9999999999999998,0.9999999999999998,0.9999999999999996
72.16000000000001,0.9999999999999998,0.9999999999999998,0.9999999999999996
72.38000000000012,0.9999999999999998,0.9999999999999998,0.9999999999999996
72.60000000000024,0.9999999999999998,0.9999999999999998,0.9999999999999996
72.82000000000035,0.9999999999999998,0.9999999999999998,0.9999999999999996
73.04000000000046,0.9999999999999998,0.9999999999999998,0.9999999999999996
73.25000000000057,0.9999999999999998,0.9999999999999998,0.9999999999999996
73.47000000000068,0.9999999999999998,0.9999999999999998,0.9999999999999996
73.6900000000008,0.9999999999999998,0.9999999999999998,0.9999999999999996
73.9100000000009,0.9999999999999998,0.9999999999999998,0.9999999999999996
74.13000000000102,0.9999999999999998,0.9999999999999998,0.9999999999999996
74.35000000000113,0.9999999999999998,0.9999999999999998,0.9999999999999996
74.57000000000124,0.9999999999999998,0.9999999999999998,0.9999999999999996
74.79000000000136,0.9999999999999998,0.9999999999999998,0.9999999999999996
75.01000000000147,0.9999999999999998,0.9999999999999998,0.9999999999999996
75.23000000000158,0.9999999999999998,0.9999999999999998,0.9999999999999996
75.4500000000017,0.9999999999999998,0.9999999999999998,0.9999999999999996
75.6700000000018,0.9999999999999998,0.9999999999999998,0.9999999999999996
75.89000000000192,0.9999999999999998,0.9999999999999998,0.9999999999999996
76.11000000000203,0.9999999999999998,0.9999999999999998,0.9999999999999996
76.33000000000214,0.9999999999999998,0.9999999999999998,0.9999999999999996
76.55000000000226,0.9999999999999998,0.9999999999999998,0.9999999999999996
76.77000000000237,0.9999999999999998,0.9999999999999998,0.9999999999999996
76.99000000000248,0.9999999999999998,0.9999999999999998,0.9999999999999996
77.2100000000026,0.9999999999999998,0.9999999999999998,0.9999999999999996
77.4300000000027,0.9999999999999998,0.9999999999999998,0.9999999999999996
77.65000000000282,0.9999999999999998,0.9999999999999998,0.9999999999999996
77.87000000000293,0.9999999999999998,0.9999999999999998,0.9999999999999996
78.09000000000304,0.9999999999999998,0.9999999999999998,0.9999999999999996
78.31000000000316,0.9999999999999998,0.9999999999999998,0.9999999999999996
78.53000000000327,0.9999999999999998,0.9999999999999998,0.9999999999999996
78.75000000000338,0.9999999999999998,0.9999999999999998,0.9999999999999996
78.9700000000035,0.9999999999999998,0.9999999999999998,0.9999999999999996
79.19000000000361,0.9999999999999998,0.9999999999999998,0.9999999999999996
79.41000000000372,0.9999999999999998,0.9999999999999998,0.9999999999999996
79.63000000000383,0.9999999999999998,0.9999999999999998,0.9999999999999996
79.85000000000394,0.9999999999999998,0.9999999999999998,0.9999999999999996
80.07000000000406,0.9999999999999998,0.9999999999999998,0.9999999999999996
80.29000000000417,0.9999999999999998,0.9999999999999998,0.9999999999999996
80.51000000000428,0.9999999999999998,0.9999999999999998,0.9999999999999996
80.7300000000044,0.9999999999999998,0.9999999999999998,0.9999999999999996
80.95000000000451,0.9999999999999998,0.9999999999999998,0.9999999999999996
81.17000000000462,0.9999999999999998,0.9999999999999998,0.9999999999999996
81.39000000000473,0.9999999999999998,0.9999999999999998,0.9999999999999996
81.61000000000485,0.9999999999999998,0.9999999999999998,0.9999999999999996
81.83000000000496,0.9999999999999998,0.9999999999999998,0.9999999999999996
82.05000000000507,0.9999999999999998,0.9999999999999998,0.9999999999999996
82.27000000000518,0.9999999999999998,0.9999999999999998,0.9999999999999996
82.4900000000053,0.9999999999999998,0.9999999999999998,0.9999999999999996
82.71000000000541,0.9999999999999998,0.9999999999999998,0.9999999999999996
82.93000000000552,0.9999999999999998,0.9999999999999998,0.9999999999999996
83.15000000000563,0.9999999999999998,0.9999999999999998,0.9999999999999996
83.37000000000575,0.9999999999999998,0.9999999999999998,0.9999999999999996
83.59000000000586,0.9999999999999998,0.9999999999999998,0.9999999999999996
83.81000000000597,0.9999999999999998,0.9999999999999998,0.9999999999999996
84.03000000000608,0.9999999999999998,0.9999999999999998,0.9999999999999996
84.2500000000062,0.9999999999999998,0.9999999999999998,0.9999999999999996
84.47000000000631,0.9999999999999998,0.9999999999999998,0.9999999999999996
84.69000000000642,0.9999999999999998,0.9999999999999998,0.9999999999999996
84.91000000000653,0.9999999999999998,0.9999999999999998,0.9999999999999996
85.13000000000665,0.9999999999999998,0.9999999999999998,0.9999999999999996
85.35000000000676,0.9999999999999998,0.9999999999999998,0.9999999999999996
85.57000000000687,0.9999999999999998,0.9999999999999998,0.9999999999999996
85.79000000000698,0.9999999999999998,0.9999999999999998,0.9999999999999996
86.0100000000071,0.9999999999999998,0.9999999999999998,0.9999999999999996
86.23000000000721,0.9999999999999998,0.9999999999999998,0.9999999999999996
86.45000000000732,0.9999999999999998,0.9999999999999998,0.9999999999999996
86.67000000000743,0.9999999999999998,0.9999999999999998,0.9999999999999996
86.89000000000755,0.9999999999999998,0.9999999999999998,0.9999999999999996
87.11000000000766,0.9999999999999998,0.9999999999999998,0.9999999999999996
87.33000000000777,0.9999999999999998,0.9999999999999998,0.9999999999999996
87.55000000000788,0.9999999999999998,0.9999999999999998,0.9999999999999996
87.770000000008,0.9999999999999998,0.9999999999999998,0.9999999999999996
87.99000000000811,0.9999999999999998,0.9999999999999998,0.9999999999999996
88.21000000000822,0.9999999999999998,0.9999999999999998,0.9999999999999996
88.43000000000833,0.9999999999999998,0.9999999999999998,0.9999999999999996
88.65000000000845,0.9999999999999998,0.9999999999999998,0.9999999999999996
88.87000000000856,0.9999999999999998,0.9999999999999998,0.9999999999999996
89.09000000000867,0.9999999999999998,0.9999999999999998,0.9999999999999996
89.31000000000878,0.9999999999999998,0.9999999999999998,0.9999999999999996
89.5300000000089,0.9999999999999998,0.9999999999999998,0.9999999999999996
89.75000000000901,0.9999999999999998,0.9999999999999998,0.9999999999999996
89.97000000000912,0.9999999999999998,0.9999999999999998,0.9999999999999996
90.19000000000923,0.9999999999999998,0.9999999999999998,0.9999999999999996
90.41000000000935,0.9999999999999998,0.9999999999999998,0.9999999999999996
90.63000000000946,0.9999999999999998,0.9999999999999998,0.9999999999999996
90.85000000000957,0.9999999999999998,0.9999999999999998,0.9999999999999996
91.07000000000968,0.9999999999999998,0.9999999999999998,0.9999999999999996
91.2900000000098,0.9999999999999998,0.9999999999999998,0.9999999999999996
91.51000000000991,0.9999999999999998,0.9999999999999998,0.9999999999999996
91.73000000001002,0.9999999999999998,0.9999999999999998,0.9999999999999996
91.95000000001014,0.9999999999999998,0.9999999999999998,0.9999999999999996
92.17000000001025,0.9999999999999998,0.9999999999999998,0.9999999999999996
92.39000000001036,0.9999999999999998,0.9999999999999998,0.9999999999999996
92.61000000001047,0.9999999999999998,0.9999999999999998,0.9999999999999996
92.83000000001059,0.9999999999999998,0.9999999999999998,0.9999999999999996
93.0500000000107,0.9999999999999998,0.9999999999999998,0.9999999999999996
93.27000000001081,0.9999999999999998,0.9999999999999998,0.9999999999999996
93.49000000001092,0.9999999999999998,0.9999999999999998,0.9999999999999996
93.71000000001104,0.9999999999999998,0.9999999999999998,0.9999999999999996
93.93000000001115,0.9999999999999998,0.9999999999999998,0.9999999999999996
94.15000000001126,0.9999999999999998,0.9999999999999998,0.9999999999999996
94.37000000001137,0.9999999999999998,0.9999999999999998,0.9999999999999996
94.59000000001149,0.9999999999999998,0.9999999999999998,0.9999999999999996
94.8100000000116,0.9999999999999998,0.9999999999999998,0.9999999999999996
95.03000000001171,0.9999999999999998,0.9999999999999998,0.9999999999999996
95.25000000001182,0.9999999999999998,0.9999999999999998,0.9999999999999996
95.47000000001194,0.9999999999999998,0.9999999999999998,0.9999999999999996
95.69000000001205,0.9999999999999998,0.9999999999999998,0.9999999999999996
95.91000000001216,0.9999999999999998,0.9999999999999998,0.9999999999999996
96.13000000001227,0.9999999999999998,0.9999999999999998,0.9999999999999996
96.35000000001239,0.9999999999999998,0.9999999999999998,0.9999999999999996
96.5700000000125,0.9999999999999998,0.9999999999999998,0.9999999999999996
96.79000000001261,0.9999999999999998,0.9999999999999998,0.9999999999999996
97.01000000001272,0.9999999999999998,0.9999999999999998,0.9999999999999996
97.23000000001284,0.9999999999999998,0.9999999999999998,0.9999999999999996
97.45000000001295,0.9999999999999998,0.9999999999999998,0.9999999999999996
97.67000000001306,0.9999999999999998,0.9999999999999998,0.9999999999999996
97.89000000001317,0.9999999999999998,0.9999999999999998,0.9999999999999996
98.11000000001329,0.9999999999999998,0.9999999999999998,0.9999999999999996
98.3300000000134,0.9999999999999998,0.9999999999999998,0.9999999999999996
98.55000000001351,0.9999999999999998,0.9999999999999998,0.9999999999999996
98.77000000001362,0.9999999999999998,0.9999999999999998,0.9999999999999996
98.99000000001374,0.9999999999999998,0.9999999999999998,0.9999999999999996
99.21000000001385,0.9999999999999998,0.9999999999999998,0.9999999999999996
99.43000000001396,0.9999999999999998,0.9999999999999998,0.9999999999999996
99.65000000001407,0.9999999999999998,0.9999999999999998,0.9999999999999996
99.87000000001419,0.9999999999999998,0.9999999999999998,0.9999999999999996
100.0900000000143,0.9999999999999998,0.9999999999999998,0.9999999999999996
100.31000000001441,0.9999999999999998,0.9999999999999998,0.9999999999999996
100.53000000001452,0.9999999999999998,0.9999999999999998,0.9999999999999996
100.75000000001464,0.9999999999999998,0.9999999999999998,0.9999999999999996
100.97000000001475,0.9999999999999998,0.9999999999999998,0.9999999999999996
101.19000000001486,0.9999999999999998,0.9999999999999998,0.9999999999999996
101.41000000001497,0.9999999999999998,0.9999999999999998,0.9999999999999996
101.63000000001509,0.9999999999999998,0.9999999999999998,0.9999999999999996
101.8500000000152,0.9999999999999998,0.9999999999999998,0.9999999999999996
102.07000000001531,0.9999999999999998,0.9999999999999998,0.9999999999999996
102.29000000001543,0.9999999999999998,0.9999999999999998,0.9999999999999996
102.51000000001554,0.9999999999999998,0.9999999999999998,0.9999999999999996
102.73000000001565,0.9999999999999998,0.9999999999999998,0.9999999999999996
102.95000000001576,0.9999999999999998,0.9999999999999998,0.9999999999999996
103.17000000001588,0.9999999999999998,0.9999999999999998,0.9999999999999996
103.39000000001599,0.9999999999999998,0.9999999999999998,0.9999999999999996
103.6100000000161,0.9999999999999998,0.9999999999999998,0.9999999999999996
103.83000000001621,0.9999999999999998,0.9999999999999998,0.9999999999999996
104.05000000001633,0.9999999999999998,0.9999999999999998,0.9999999999999996
104.27000000001644,0.9999999999999998,0.9999999999999998,0.9999999999999996
104.49000000001655,0.9999999999999998,0.9999999999999998,0.9999999999999996
104.71000000001666,0.9999999999999998,0.9999999999999998,0.9999999999999996
104.93000000001678,0.9999999999999998,0.9999999999999998,0.9999999999999996
105.15000000001689,0.9999999999999998,0.9999999999999998,0.9999999999999996
105.370000000017,0.9999999999999998,0.9999999999999998,0.9999999999999996
105.59000000001711,0.9999999999999998,0.9999999999999998,0.9999999999999996
105.81000000001723,0.9999999999999998,0.9999999999999998,0.9999999999999996
106.03000000001734,0.9999999999999998,0.9999999999999998,0.9999999999999996
106.25000000001745,0.9999999999999998,0.9999999999999998,0.9999999999999996
106.47000000001756,0.9999999999999998,0.9999999999999998,0.9999999999999996
106.69000000001768,0.9999999999999998,0.9999999999999998,0.9999999999999996
106.91000000001779,0.9999999999999998,0.9999999999999998,0.9999999999999996
107.1300000000179,0.9999999999999998,0.9999999999999998,0.9999999999999996
107.35000000001801,0.9999999999999998,0.9999999999999998,0.9999999999999996
107.57000000001813,0.9999999999999998,0.9999999999999998,0.9999999999999996
107.79000000001824,0.9999999999999998,0.9999999999999998,0.9999999999999996
108.01000000001835,0.9999999999999998,0.9999999999999998,0.9999999999999996
108.23000000001846,0.9999999999999998,0.9999999999999998,0.9999999999999996
108.45000000001858,0.9999999999999998,0.9999999999999998,0.9999999999999996
108.67000000001869,0.9999999999999998,0.9999999999999998,0.9999999999999996
108.8900000000188,0.9999999999999998,0.9999999999999998,0.9999999999999996
109.11000000001891,0.9999999999999998,0.9999999999999998,0.9999999999999996
109.33000000001903,0.9999999999999998,0.9999999999999998,0.9999999999999996
109.55000000001914,0.9999999999999998,0.9999999999999998,0.9999999999999996
109.77000000001925,0.9999999999999998,0.9999999999999998,0.9999999999999996
109.99000000001936,0.9999999999999998,0.9999999999999998,0.9999999999999996
110.21000000001948,0.9999999999999998,0.9999999999999998,0.9999999999999996
110.43000000001959,0.9999999999999998,0.9999999999999998,0.9999999999999996
110.6500000000197,0.9999999999999998,0.9999999999999998,0.9999999999999996
110.87000000001981,0.9999999999999998,0.9999999999999998,0.9999999999999996
111.09000000001993,0.9999999999999998,0.9999999999999998,0.9999999999999996
111.31000000002004,0.9999999999999998,0.9999999999999998,0.9999999999999996
111.53000000002015,0.9999999999999998,0.9999999999999998,0.9999999999999996
111.75000000002026,0.9999999999999998,0.9999999999999998,0.9999999999999996
111.97000000002038,0.9999999999999998,0.9999999999999998,0.9999999999999996
112.19000000002049,0.9999999999999998,0.9999999999999998,0.9999999999999996
112.4100000000206,0.9999999999999998,0.9999999999999998,0.9999999999999996
112.63000000002071,0.9999999999999998,0.9999999999999998,0.9999999999999996
112.85000000002083,0.9999999999999998,0.9999999999999998,0.9999999999999996
113.07000000002094,0.9999999999999998,0.9999999999999998,0.9999999999999996
113.29000000002105,0.9999999999999998,0.9999999999999998,0.9999999999999996
113.51000000002117,0.9999999999999998,0.9999999999999998,0.9999999999999996
113.73000000002128,0.9999999999999998,0.9999999999999998,0.9999999999999996
113.95000000002139,0.9999999999999998,0.9999999999999998,0.9999999999999996
114.1700000000215,0.9999999999999998,0.9999999999999998,0.9999999999999996
114.39000000002162,0.9999999999999998,0.9999999999999998,0.9999999999999996
114.61000000002173,0.9999999999999998,0.9999999999999998,0.9999999999999996
114.83000000002184,0.9999999999999998,0.9999999999999998,0.9999999999999996
115.05000000002195,0.9999999999999998,0.9999999999999998,0.9999999999999996
115.27000000002207,0.9999999999999998,0.9999999999999998,0.9999999999999996
115.49000000002218,0.9999999999999998,0.9999999999999998,0.9999999999999996
115.71000000002229,0.9999999999999998,0.9999999999999998,0.9999999999999996
115.9300000000224,0.9999999999999998,0.9999999999999998,0.9999999999999996
116.15000000002252,0.9999999999999998,0.9999999999999998,0.9999999999999996
116.37000000002263,0.9999999999999998,0.9999999999999998,0.9999999999999996
116.59000000002274,0.9999999999999998,0.9999999999999998,0.9999999999999996
116.81000000002285,0.9999999999999998,0.9999999999999998,0.9999999999999996
117.03000000002297,0.9999999999999998,0.9999999999999998,0.9999999999999996
117.25000000002308,0.9999999999999998,0.9999999999999998,0.9999999999999996
117.47000000002319,0.9999999999999998,0.9999999999999998,0.9999999999999996
117.6900000000233,0.9999999999999998,0.9999999999999998,0.9999999999999996
117.91000000002342,0.9999999999999998,0.9999999999999998,0.9999999999999996
118.13000000002353,0.9999999999999998,0.9999999999999998,0.9999999999999996
118.35000000002364,0.9999999999999998,0.9999999999999998,0.9999999999999996
118.57000000002375,0.9999999999999998,0.9999999999999998,0.9999999999999996
118.79000000002387,0.9999999999999998,0.9999999999999998,0.9999999999999996
119.01000000002398,0.9999999999999998,0.9999999999999998,0.9999999999999996
119.23000000002409,0.9999999999999998,0.9999999999999998,0.9999999999999996
119.4500000000242,0.9999999999999998,0.9999999999999998,0.9999999999999996
119.67000000002432,0.9999999999999998,0.9999999999999998,0.9999999999999996
119.89000000002443,0.9999999999999998,0.9999999999999998,0.9999999999999996
120.11000000002454,0.9999999999999998,0.9999999999999998,0.9999999999999996
120.33000000002465,0.9999999999999998,0.9999999999999998,0.9999999999999996
120.55000000002477,0.9999999999999998,0.9999999999999998,0.9999999999999996
120.77000000002488,0.9999999999999998,0.9999999999999998,0.9999999999999996
120.99000000002499,0.9999999999999998,0.9999999999999998,0.9999999999999996
121.2100000000251,0.9999999999999998,0.9999999999999998,0.9999999999999996
121.43000000002522,0.9999999999999998,0.9999999999999998,0.9999999999999996
121.65000000002533,0.9999999999999998,0.9999999999999998,0.9999999999999996
121.87000000002544,0.9999999999999998,0.9999999999999998,0.9999999999999996
122.09000000002555,0.9999999999999998,0.9999999999999998,0.9999999999999996
122.31000000002567,0.9999999999999998,0.9999999999999998,0.9999999999999996
122.53000000002578,0.9999999999999998,0.9999999999999998,0.9999999999999996
122.75000000002589,0.9999999999999998,0.9999999999999998,0.9999999999999996
122.970000000026,0.9999999999999998,0.9999999999999998,0.9999999999999996
123.19000000002612,0.9999999999999998,0.9999999999999998,0.9999999999999996
123.41000000002623,0.9999999999999998,0.9999999999999998,0.9999999999999996
123.63000000002634,0.9999999999999998,0.9999999999999998,0.9999999999999996
123.85000000002645,0.9999999999999998,0.9999999999999998,0.9999999999999996
124.07000000002657,0.9999999999999998,0.9999999999999998,0.9999999999999996
124.29000000002668,0.9999999999999998,0.9999999999999998,0.9999999999999996
124.51000000002679,0.9999999999999998,0.9999999999999998,0.9999999999999996
124.7300000000269,0.9999999999999998,0.9999999999999998,0.9999999999999996
124.95000000002702,0.9999999999999998,0.9999999999999998,0.9999999999999996
125.17000000002713,0.9999999999999998,0.9999999999999998,0.9999999999999996
125.39000000002724,0.9999999999999998,0.9999999999999998,0.9999999999999996
125.61000000002736,0.9999999999999998,0.9999999999999998,0.9999999999999996
125.83000000002747,0.9999999999999998,0.9999999999999998,0.9999999999999996
126.05000000002758,0.9999999999999998,0.9999999999999998,0.9999999999999996
126.2700000000277,0.9999999999999998,0.9999999999999998,0.9999999999999996
126.4900000000278,0.9999999999999998,0.9999999999999998,0.9999999999999996
126.71000000002792,0.9999999999999998,0.9999999999999998,0.9999999999999996
126.93000000002803,0.9999999999999998,0.9999999999999998,0.9999999999999996
127.15000000002814,0.9999999999999998,0.9999999999999998,0.9999999999999996
127.37000000002826,0.9999999999999998,0.9999999999999998,0.9999999999999996
127.59000000002837,0.9999999999999998,0.9999999999999998,0.9999999999999996
127.81000000002848,0.9999999999999998,0.9999999999999998,0.9999999999999996
128.03000000002854,0.9999999999999998,0.9999999999999998,0.9999999999999996
128.25000000002834,0.9999999999999998,0.9999999999999998,0.9999999999999996
128.47000000002814,0.9999999999999998,0.9999999999999998,0.9999999999999996
128.69000000002794,0.9999999999999998,0.9999999999999998,0.9999999999999996
128.91000000002774,0.9999999999999998,0.9999999999999998,0.9999999999999996
129.13000000002754,0.9999999999999998,0.9999999999999998,0.9999999999999996
129.35000000002734,0.9999999999999998,0.9999999999999998,0.9999999999999996
129.57000000002714,0.9999999999999998,0.9999999999999998,0.9999999999999996
129.79000000002694,0.9999999999999998,0.9999999999999998,0.9999999999999996
130.01000000002674,0.9999999999999998,0.9999999999999998,0.9999999999999996
130.23000000002654,0.9999999999999998,0.9999999999999998,0.9999999999999996
130.45000000002634,0.9999999999999998,0.9999999999999998,0.9999999999999996
130.67000000002614,0.9999999999999998,0.9999999999999998,0.9999999999999996
130.89000000002594,0.9999999999999998,0.9999999999999998,0.9999999999999996
131.11000000002574,0.9999999999999998,0.9999999999999998,0.9999999999999996
131.33000000002554,0.9999999999999998,0.9999999999999998,0.9999999999999996
131.55000000002534,0.9999999999999998,0.9999999999999998,0.9999999999999996
131.77000000002514,0.9999999999999998,0.9999999999999998,0.9999999999999996
131.99000000002493,0.9999999999999998,0.9999999999999998,0.9999999999999996
132.21000000002473,0.9999999999999998,0.9999999999999998,0.9999999999999996
132.43000000002453,0.9999999999999998,0.9999999999999998,0.9999999999999996
132.65000000002433,0.9999999999999998,0.9999999999999998,0.9999999999999996
132.87000000002413,0.9999999999999998,0.9999999999999998,0.9999999999999996
133.09000000002393,0.9999999999999998,0.9999999999999998,0.9999999999999996
133.31000000002373,0.9999999999999998,0.9999999999999998,0.9999999999999996
133.53000000002353,0.9999999999999998,0.9999999999999998,0.9999999999999996
133.75000000002333,0.9999999999999998,0.9999999999999998,0.9999999999999996
133.97000000002313,0.9999999999999998,0.9999999999999998,0.9999999999999996
134.19000000002293,0.9999999999999998,0.9999999999999998,0.9999999999999996
134.41000000002273,0.9999999999999998,0.9999999999999998,0.9999999999999996
134.63000000002253,0.9999999999999998,0.9999999999999998,0.9999999999999996
134.85000000002233,0.9999999999999998,0.9999999999999998,0.9999999999999996
135.07000000002213,0.9999999999999998,0.9999999999999998,0.9999999999999996
135.29000000002193,0.9999999999999998,0.9999999999999998,0.9999999999999996
135.51000000002173,0.9999999999999998,0.9999999999999998,0.9999999999999996
135.73000000002153,0.9999999999999998,0.9999999999999998,0.9999999999999996
135.95000000002133,0.9999999999999998,0.9999999999999998,0.9999999999999996
136.17000000002113,0.9999999999999998,0.9999999999999998,0.9999999999999996
136.39000000002093,0.9999999999999998,0.9999999999999998,0.9999999999999996
136.61000000002073,0.9999999999999998,0.9999999999999998,0.9999999999999996
136.83000000002053,0.9999999999999998,0.9999999999999998,0.9999999999999996
137.05000000002033,0.9999999999999998,0.9999999999999998,0.9999999999999996
137.27000000002013,0.9999999999999998,0.9999999999999998,0.9999999999999996
137.49000000001993,0.9999999999999998,0.9999999999999998,0.9999999999999996
137.71000000001973,0.9999999999999998,0.9999999999999998,0.9999999999999996
137.93000000001953,0.9999999999999998,0.9999999999999998,0.9999999999999996
138.15000000001933,0.9999999999999998,0.9999999999999998,0.9999999999999996
138.37000000001913,0.9999999999999998,0.9999999999999998,0.9999999999999996
138.59000000001893,0.9999999999999998,0.9999999999999998,0.9999999999999996
138.81000000001873,0.9999999999999998,0.9999999999999998,0.9999999999999996
139.03000000001853,0.9999999999999998,0.9999999999999998,0.9999999999999996
139.25000000001833,0.9999999999999998,0.9999999999999998,0.9999999999999996
139.47000000001813,0.9999999999999998,0.9999999999999998,0.9999999999999996
139.69000000001793,0.9999999999999998,0.9999999999999998,0.9999999999999996
139.91000000001773,0.9999999999999998,0.9999999999999998,0.9999999999999996
140.13000000001753,0.9999999999999998,0.9999999999999998,0.9999999999999996
140.35000000001733,0.9999999999999998,0.9999999999999998,0.9999999999999996
140.57000000001713,0.9999999999999998,0.9999999999999998,0.9999999999999996
140.79000000001693,0.9999999999999998,0.9999999999999998,0.9999999999999996
141.01000000001673,0.9999999999999998,0.9999999999999998,0.9999999999999996
141.23000000001653,0.9999999999999998,0.9999999999999998,0.9999999999999996
141.45000000001633,0.9999999999999998,0.9999999999999998,0.9999999999999996
141.67000000001613,0.9999999999999998,0.9999999999999998,0.9999999999999996
141.89000000001593,0.9999999999999998,0.9999999999999998,0.9999999999999996
142.11000000001573,0.9999999999999998,0.9999999999999998,0.9999999999999996
142.33000000001553,0.9999999999999998,0.9999999999999998,0.9999999999999996
142.55000000001533,0.9999999999999998,0.9999999999999998,0.9999999999999996
142.77000000001513,0.9999999999999998,0.9999999999999998,0.9999999999999996
142.99000000001493,0.9999999999999998,0.9999999999999998,0.9999999999999996
143.21000000001473,0.9999999999999998,0.9999999999999998,0.9999999999999996
143.43000000001453,0.9999999999999998,0.9999999999999998,0.9999999999999996
143.65000000001433,0.9999999999999998,0.9999999999999998,0.9999999999999996
143.87000000001413,0.9999999999999998,0.9999999999999998,0.9999999999999996
144.09000000001393,0.9999999999999998,0.9999999999999998,0.9999999999999996
144.31000000001373,0.9999999999999998,0.9999999999999998,0.9999999999999996
144.53000000001353,0.9999999999999998,0.9999999999999998,0.9999999999999996
144.75000000001333,0.9999999999999998,0.9999999999999998,0.9999999999999996
144.97000000001313,0.9999999999999998,0.9999999999999998,0.9999999999999996
145.19000000001293,0.9999999999999998,0.9999999999999998,0.9999999999999996
145.41000000001273,0.9999999999999998,0.9999999999999998,0.9999999999999996
145.63000000001253,0.9999999999999998,0.9999999999999998,0.9999999999999996
145.85000000001233,0.9999999999999998,0.9999999999999998,0.9999999999999996
146.07000000001213,0.9999999999999998,0.9999999999999998,0.9999999999999996
146.29000000001193,0.9999999999999998,0.9999999999999998,0.9999999999999996
146.51000000001173,0.9999999999999998,0.9999999999999998,0.9999999999999996
146.73000000001153,0.9999999999999998,0.9999999999999998,0.9999999999999996
146.95000000001133,0.9999999999999998,0.9999999999999998,0.9999999999999996
147.17000000001113,0.9999999999999998,0.9999999999999998,0.9999999999999996
147.39000000001093,0.9999999999999998,0.9999999999999998,0.9999999999999996
147.61000000001073,0.9999999999999998,0.9999999999999998,0.9999999999999996
147.83000000001053,0.9999999999999998,0.9999999999999998,0.9999999999999996
148.05000000001033,0.9999999999999998,0.9999999999999998,0.9999999999999996
148.27000000001013,0.9999999999999998,0.9999999999999998,0.9999999999999996
148.49000000000993,0.9999999999999998,0.9999999999999998,0.9999999999999996
148.71000000000973,0.9999999999999998,0.9999999999999998,0.9999999999999996
148.93000000000953,0.9999999999999998,0.9999999999999998,0.9999999999999996
149.15000000000933,0.9999999999999998,0.9999999999999998,0.9999999999999996
149.37000000000913,0.9999999999999998,0.9999999999999998,0.9999999999999996
149.59000000000893,0.9999999999999998,0.9999999999999998,0.9999999999999996
149.81000000000873,0.9999999999999998,0.9999999999999998,0.9999999999999996
150.03000000000853,0.9999999999999998,0.9999999999999998,0.9999999999999996
150.25000000000833,0.9999999999999998,0.9999999999999998,0.9999999999999996
150.47000000000813,0.9999999999999998,0.9999999999999998,0.9999999999999996
150.69000000000793,0.9999999999999998,0.9999999999999998,0.9999999999999996
150.91000000000773,0.9999999999999998,0.9999999999999998,0.9999999999999996
151.13000000000753,0.9999999999999998,0.9999999999999998,0.9999999999999996
151.35000000000733,0.9999999999999998,0.9999999999999998,0.9999999999999996
151.57000000000713,0.9999999999999998,0.9999999999999998,0.9999999999999996
151.79000000000693,0.9999999999999998,0.9999999999999998,0.9999999999999996
152.01000000000673,0.9999999999999998,0.9999999999999998,0.9999999999999996
152.23000000000653,0.9999999999999998,0.9999999999999998,0.9999999999999996
152.45000000000633,0.9999999999999998,0.9999999999999998,0.9999999999999996
152.67000000000613,0.9999999999999998,0.9999999999999998,0.9999999999999996
152.89000000000593,0.9999999999999998,0.9999999999999998,0.9999999999999996
153.11000000000573,0.9999999999999998,0.9999999999999998,0.9999999999999996
153.33000000000553,0.9999999999999998,0.9999999999999998,0.9999999999999996
153.55000000000533,0.9999999999999998,0.9999999999999998,0.9999999999999996
153.77000000000513,0.9999999999999998,0.9999999999999998,0.9999999999999996
153.99000000000493,0.9999999999999998,0.9999999999999998,0.9999999999999996
154.21000000000473,0.9999999999999998,0.9999999999999998,0.9999999999999996
154.43000000000453,0.9999999999999998,0.9999999999999998,0.9999999999999996
154.65000000000433,0.9999999999999998,0.9999999999999998,0.9999999999999996
154.87000000000413,0.9999999999999998,0.9999999999999998,0.9999999999999996
155.09000000000393,0.9999999999999998,0.9999999999999998,0.9999999999999996
155.31000000000373,0.9999999999999998,0.9999999999999998,0.9999999999999996
155.53000000000353,0.9999999999999998,0.9999999999999998,0.9999999999999996
155.75000000000333,0.9999999999999998,0.9999999999999998,0.9999999999999996
155.97000000000313,0.9999999999999998,0.9999999999999998,0.9999999999999996
156.19000000000293,0.9999999999999998,0.9999999999999998,0.9999999999999996
156.41000000000273,0.9999999999999998,0.9999999999999998,0.9999999999999996
156.63000000000252,0.9999999999999998,0.9999999999999998,0.9999999999999996
156.85000000000232,0.9999999999999998,0.9999999999999998,0.9999999999999996
157.07000000000212,0.9999999999999998,0.9999999999999998,0.9999999999999996
157.29000000000192,0.9999999999999998,0.9999999999999998,0.9999999999999996
157.51000000000172,0.9999999999999998,0.9999999999999998,0.9999999999999996
157.73000000000152,0.9999999999999998,0.9999999999999998,0.9999999999999996
157.95000000000132,0.9999999999999998,0.9999999999999998,0.9999999999999996
158.17000000000112,0.9999999999999998,0.9999999999999998,0.9999999999999996
158.39000000000092,0.9999999999999998,0.9999999999999998,0.9999999999999996
158.61000000000072,0.9999999999999998,0.9999999999999998,0.9999999999999996
158.83000000000052,0.9999999999999998,0.9999999999999998,0.9999999999999996
159.05000000000032,0.9999999999999998,0.9999999999999998,0.9999999999999996
159.27000000000012,0.9999999999999998,0.9999999999999998,0.9999999999999996
159.48999999999992,0.9999999999999998,0.9999999999999998,0.9999999999999996
159.70999999999972,0.9999999999999998,0.9999999999999998,0.9999999999999996
159.92999999999952,0.9999999999999998,0.9999999999999998,0.9999999999999996
160.15999999999931,0.9999999999999998,0.9999999999999998,0.9999999999999996
160.37999999999911,0.9999999999999998,0.9999999999999998,0.9999999999999996
160.59999999999891,0.9999999999999998,0.9999999999999998,0.9999999999999996
160.8199999999987,0.9999999999999998,0.9999999999999998,0.9999999999999996
161.0399999999985,0.9999999999999998,0.9999999999999998,0.9999999999999996
161.2599999999983,0.9999999999999998,0.9999999999999998,0.9999999999999996
161.4799999999981,0.9999999999999998,0.9999999999999998,0.9999999999999996
161.6999999999979,0.9999999999999998,0.9999999999999998,0.9999999999999996
161.9199999999977,0.9999999999999998,0.9999999999999998,0.9999999999999996
162.1399999999975,0.9999999999999998,0.9999999999999998,0.9999999999999996
162.3599999999973,0.9999999999999998,0.9999999999999998,0.9999999999999996
162.5799999999971,0.9999999999999998,0.9999999999999998,0.9999999999999996
162.7999999999969,0.9999999999999998,0.9999999999999998,0.9999999999999996
163.0199999999967,0.9999999999999998,0.9999999999999998,0.9999999999999996
163.2399999999965,0.9999999999999998,0.9999999999999998,0.9999999999999996
163.4599999999963,0.9999999999999998,0.9999999999999998,0.9999999999999996
163.6799999999961,0.9999999999999998,0.9999999999999998,0.9999999999999996
163.8999999999959,0.9999999999999998,0.9999999999999998,0.9999999999999996
164.1199999999957,0.9999999999999998,0.9999999999999998,0.9999999999999996
164.3399999999955,0.9999999999999998,0.9999999999999998,0.9999999999999996
164.5599999999953,0.9999999999999998,0.9999999999999998,0.9999999999999996
164.7799999999951,0.9999999999999998,0.9999999999999998,0.9999999999999996
164.9999999999949,0.9999999999999998,0.9999999999999998,0.9999999999999996
165.2199999999947,0.9999999999999998,0.9999999999999998,0.9999999999999996
165.4399999999945,0.9999999999999998,0.9999999999999998,0.9999999999999996
165.6599999999943,0.9999999999999998,0.9999999999999998,0.9999999999999996
165.8799999999941,0.9999999999999998,0.9999999999999998,0.9999999999999996
166.0999999999939,0.9999999999999998,0.9999999999999998,0.9999999999999996
166.3199999999937,0.9999999999999998,0.9999999999999998,0.9999999999999996
166.5399999999935,0.9999999999999998,0.9999999999999998,0.9999999999999996
166.7599999999933,0.9999999999999998,0.9999999999999998,0.9999999999999996
166.9799999999931,0.9999999999999998,0.9999999999999998,0.9999999999999996
167.1999999999929,0.9999999999999998,0.9999999999999998,0.9999999999999996
167.4199999999927,0.9999999999999998,0.9999999999999998,0.9999999999999996
167.6399999999925,0.9999999999999998,0.9999999999999998,0.9999999999999996
167.8599999999923,0.9999999999999998,0.9999999999999998,0.9999999999999996
168.0799999999921,0.9999999999999998,0.9999999999999998,0.9999999999999996
168.2999999999919,0.9999999999999998,0.9999999999999998,0.9999999999999996
168.5199999999917,0.9999999999999998,0.9999999999999998,0.9999999999999996
168.7399999999915,0.9999999999999998,0.9999999999999998,0.9999999999999996
168.9599999999913,0.9999999999999998,0.9999999999999998,0.9999999999999996
169.1799999999911,0.9999999999999998,0.9999999999999998,0.9999999999999996
169.3999999999909,0.9999999999999998,0.9999999999999998,0.9999999999999996
169.6199999999907,0.9999999999999998,0.9999999999999998,0.9999999999999996
169.8399999999905,0.9999999999999998,0.9999999999999998,0.9999999999999996
170.0599999999903,0.9999999999999998,0.9999999999999998,0.9999999999999996
170.2799999999901,0.9999999999999998,0.9999999999999998,0.9999999999999996
170.4999999999899,0.9999999999999998,0.9999999999999998,0.9999999999999996
170.7199999999897,0.9999999999999998,0.9999999999999998,0.9999999999999996
170.9399999999895,0.9999999999999998,0.9999999999999998,0.9999999999999996
171.1599999999893,0.9999999999999998,0.9999999999999998,0.9999999999999996
171.3799999999891,0.9999999999999998,0.9999999999999998,0.9999999999999996
171.5999999999889,0.9999999999999998,0.9999999999999998,0.9999999999999996
171.8199999999887,0.9999999999999998,0.9999999999999998,0.9999999999999996
172.0399999999885,0.9999999999999998,0.9999999999999998,0.9999999999999996
172.2599999999883,0.9999999999999998,0.9999999999999998,0.9999999999999996
172.4799999999881,0.9999999999999998,0.9999999999999998,0.9999999999999996
172.6999999999879,0.9999999999999998,0.9999999999999998,0.9999999999999996
172.9199999999877,0.9999999999999998,0.9999999999999998,0.9999999999999996
173.1399999999875,0.9999999999999998,0.9999999999999998,0.9999999999999996
173.3599999999873,0.9999999999999998,0.9999999999999998,0.9999999999999996
173.5799999999871,0.9999999999999998,0.9999999999999998,0.9999999999999996
173.7999999999869,0.9999999999999998,0.9999999999999998,0.9999999999999996
174.0199999999867,0.9999999999999998,0.9999999999999998,0.9999999999999996
174.2399999999865,0.9999999999999998,0.9999999999999998,0.9999999999999996
174.4599999999863,0.9999999999999998,0.9999999999999998,0.9999999999999996
174.6799999999861,0.9999999999999998,0.9999999999999998,0.9999999999999996
174.8999999999859,0.9999999999999998,0.9999999999999998,0.9999999999999996
175.1199999999857,0.9999999999999998,0.9999999999999998,0.9999999999999996
175.3399999999855,0.9999999999999998,0.9999999999999998,0.9999999999999996
175.5599999999853,0.9999999999999998,0.9999999999999998,0.9999999999999996
175.7799999999851,0.9999999999999998,0.9999999999999998,0.9999999999999996
175.9999999999849,0.9999999999999998,0.9999999999999998,0.9999999999999996
176.2199999999847,0.9999999999999998,0.9999999999999998,0.9999999999999996
176.4399999999845,0.9999999999999998,0.9999999999999998,0.9999999999999996
176.6599999999843,0.9999999999999998,0.9999999999999998,0.9999999999999996
176.8799999999841,0.9999999999999998,0.9999999999999998,0.9999999999999996
177.0999999999839,0.9999999999999998,0.9999999999999998,0.9999999999999996
177.3199999999837,0.9999999999999998,0.9999999999999998,0.9999999999999996
177.5399999999835,0.9999999999999998,0.9999999999999998,0.9999999999999996
177.7599999999833,0.9999999999999998,0.9999999999999998,0.9999999999999996
177.9799999999831,0.9999999999999998,0.9999999999999998,0.9999999999999996
178.1999999999829,0.9999999999999998,0.9999999999999998,0.9999999999999996
178.4199999999827,0.9999999999999998,0.9999999999999998,0.9999999999999996
178.6399999999825,0.9999999999999998,0.9999999999999998,0.9999999999999996
178.8599999999823,0.9999999999999998,0.9999999999999998,0.9999999999999996
179.0799999999821,0.9999999999999998,0.9999999999999998,0.9999999999999996
179.2999999999819,0.9999999999999998,0.9999999999999998,0.9999999999999996
179.5199999999817,0.9999999999999998,0.9999999999999998,0.9999999999999996
179.7399999999815,0.9999999999999998,0.9999999999999998,0.9999999999999996
179.9599999999813,0.9999999999999998,0.9999999999999998,0.9999999999999996
180.1799999999811,0.9999999999999998,0.9999999999999998,0.9999999999999996
180.3999999999809,0.9999999999999998,0.9999999999999998,0.9999999999999996
180.6199999999807,0.9999999999999998,0.9999999999999998,0.9999999999999996
180.8399999999805,0.9999999999999998,0.9999999999999998,0.9999999999999996
181.0599999999803,0.9999999999999998,0.9999999999999998,0.9999999999999996
181.2799999999801,0.9999999999999998,0.9999999999999998,0.9999999999999996
181.4999999999799,0.9999999999999998,0.9999999999999998,0.9999999999999996
181.7199999999797,0.9999999999999998,0.9999999999999998,0.9999999999999996
181.9399999999795,0.9999999999999998,0.9999999999999998,0.9999999999999996
182.1599999999793,0.9999999999999998,0.9999999999999998,0.9999999999999996
182.3799999999791,0.9999999999999998,0.9999999999999998,0.9999999999999996
182.5999999999789,0.9999999999999998,0.9999999999999998,0.9999999999999996
182.8199999999787,0.9999999999999998,0.9999999999999998,0.9999999999999996
183.0399999999785,0.9999999999999998,0.9999999999999998,0.9999999999999996
183.2599999999783,0.9999999999999998,0.9999999999999998,0.9999999999999996
183.4799999999781,0.9999999999999998,0.9999999999999998,0.9999999999999996
183.6999999999779,0.9999999999999998,0.9999999999999998,0.9999999999999996
183.9199999999777,0.9999999999999998,0.9999999999999998,0.9999999999999996
184.1399999999775,0.9999999999999998,0.9999999999999998,0.9999999999999996
184.3599999999773,0.9999999999999998,0.9999999999999998,0.9999999999999996
184.5799999999771,0.9999999999999998,0.9999999999999998,0.9999999999999996
184.7999999999769,0.9999999999999998,0.9999999999999998,0.9999999999999996
185.0199999999767,0.9999999999999998,0.9999999999999998,0.9999999999999996
185.2399999999765,0.9999999999999998,0.9999999999999998,0.9999999999999996
185.4599999999763,0.9999999999999998,0.9999999999999998,0.9999999999999996
185.6799999999761,0.9999999999999998,0.9999999999999998,0.9999999999999996
185.8999999999759,0.9999999999999998,0.9999999999999998,0.9999999999999996
186.1199999999757,0.9999999999999998,0.9999999999999998,0.9999999999999996
186.3399999999755,0.9999999999999998,0.9999999999999998,0.9999999999999996
186.5599999999753,0.9999999999999998,0.9999999999999998,0.9999999999999996
186.7799999999751,0.9999999999999998,0.9999999999999998,0.9999999999999996
186.9999999999749,0.9999999999999998,0.9999999999999998,0.9999999999999996
187.2199999999747,0.9999999999999998,0.9999999999999998,0.9999999999999996
187.4399999999745,0.9999999999999998,0.9999999999999998,0.9999999999999996
187.6599999999743,0.9999999999999998,0.9999999999999998,0.9999999999999996
187.8799999999741,0.9999999999999998,0.9999999999999998,0.9999999999999996
188.0999999999739,0.9999999999999998,0.9999999999999998,0.9999999999999996
188.3199999999737,0.9999999999999998,0.9999999999999998,0.9999999999999996
188.5399999999735,0.9999999999999998,0.9999999999999998,0.9999999999999996
188.7599999999733,0.9999999999999998,0.9999999999999998,0.9999999999999996
188.9799999999731,0.9999999999999998,0.9999999999999998,0.9999999999999996
189.1999999999729,0.9999999999999998,0.9999999999999998,0.9999999999999996
189.4199999999727,0.9999999999999998,0.9999999999999998,0.9999999999999996
189.6399999999725,0.9999999999999998,0.9999999999999998,0.9999999999999996
189.8599999999723,0.9999999999999998,0.9999999999999998,0.9999999999999996
190.0799999999721,0.9999999999999998,0.9999999999999998,0.9999999999999996
190.2999999999719,0.9999999999999998,0.9999999999999998,0.9999999999999996
190.5199999999717,0.9999999999999998,0.9999999999999998,0.9999999999999996
190.7399999999715,0.9999999999999998,0.9999999999999998,0.9999999999999996
190.9599999999713,0.9999999999999998,0.9999999999999998,0.9999999999999996
191.1799999999711,0.9999999999999998,0.9999999999999998,0.9999999999999996
191.3999999999709,0.9999999999999998,0.9999999999999998,0.9999999999999996
191.6199999999707,0.9999999999999998,0.9999999999999998,0.9999999999999996
191.8399999999705,0.9999999999999998,0.9999999999999998,0.9999999999999996
192.0599999999703,0.9999999999999998,0.9999999999999998,0.9999999999999996
192.2799999999701,0.9999999999999998,0.9999999999999998,0.9999999999999996
192.4999999999699,0.9999999999999998,0.9999999999999998,0.9999999999999996
192.7199999999697,0.9999999999999998,0.9999999999999998,0.9999999999999996
192.9399999999695,0.9999999999999998,0.9999999999999998,0.9999999999999996
193.1599999999693,0.9999999999999998,0.9999999999999998,0.9999999999999996
193.3799999999691,0.9999999999999998,0.9999999999999998,0.9999999999999996
193.5999999999689,0.9999999999999998,0.9999999999999998,0.9999999999999996
193.8199999999687,0.9999999999999998,0.9999999999999998,0.9999999999999996
194.0399999999685,0.9999999999999998,0.9999999999999998,0.9999999999999996
194.2599999999683,0.9999999999999998,0.9999999999999998,0.9999999999999996
194.4799999999681,0.9999999999999998,0.9999999999999998,0.9999999999999996
194.6999999999679,0.9999999999999998,0.9999999999999998,0.9999999999999996
194.9199999999677,0.9999999999999998,0.9999999999999998,0.9999999999999996
195.1399999999675,0.9999999999999998,0.9999999999999998,0.9999999999999996
195.3599999999673,0.9999999999999998,0.9999999999999998,0.9999999999999996
195.5799999999671,0.9999999999999998,0.9999999999999998,0.9999999999999996
195.7999999999669,0.9999999999999998,0.9999999999999998,0.9999999999999996
196.0199999999667,0.9999999999999998,0.9999999999999998,0.9999999999999996
196.2399999999665,0.9999999999999998,0.9999999999999998,0.9999999999999996
196.4599999999663,0.9999999999999998,0.9999999999999998,0.9999999999999996
196.6799999999661,0.9999999999999998,0.9999999999999998,0.9999999999999996
196.8999999999659,0.9999999999999998,0.9999999999999998,0.9999999999999996
197.1199999999657,0.9999999999999998,0.9999999999999998,0.9999999999999996
197.3399999999655,0.9999999999999998,0.9999999999999998,0.9999999999999996
197.5599999999653,0.9999999999999998,0.9999999999999998,0.9999999999999996
197.7799999999651,0.9999999999999998,0.9999999999999998,0.9999999999999996
197.9999999999649,0.9999999999999998,0.9999999999999998,0.9999999999999996
198.2199999999647,0.9999999999999998,0.9999999999999998,0.9999999999999996
198.4399999999645,0.9999999999999998,0.9999999999999998,0.9999999999999996
198.6599999999643,0.9999999999999998,0.9999999999999998,0.9999999999999996
198.8799999999641,0.9999999999999998,0.9999999999999998,0.9999999999999996
199.0999999999639,0.9999999999999998,0.9999999999999998,0.9999999999999996
199.3199999999637,0.9999999999999998,0.9999999999999998,0.9999999999999996
199.5399999999635,0.9999999999999998,0.9999999999999998,0.9999999999999996
199.7599999999633,0.9999999999999998,0.9999999999999998,0.9999999999999996
199.9799999999631,0.9999999999999998,0.9999999999999998,0.9999999999999996
